"ID","Cement","Blasr","FlyAsh","Water","Superplasticizer","CoarseAggregate","FineAggregate","Age","strength"
"113",0.769406392694064,0.492487479131887,0,0.512779552715655,0.34472049689441,0.243895348837209,0.285750125439037,0.0164835164835165,0.669864208296998
"938",0.482420091324201,0,0.56471764117941,0.452875399361022,0.248447204968944,0.584011627906977,0.237581535373808,0.0741758241758242
"763",0.5662100456621,0,0,0.648562300319489,0,0.502906976744186,0.454089312594079,0.491758241758242
"442",0.337899543378995,0,0.478260869565217,0.559105431309904,0.164596273291925,0.429941860465116,0.660311088810838,0.0741758241758242,0.310078485112744
"349",0.255022831050228,0,0.873063468265867,0.263578274760383,0.316770186335404,0.734011627906977,0.457601605619669,0.271978021978022,0.594867322785599
"208",0.251369863013699,0,0.607696151924038,0.467252396166134,0.177018633540373,0.745930232558139,0.464877069744104,0.151098901098901,0.397035006851875
"898",0.415525114155251,0.333889816360601,0,0.369009584664537,0.217391304347826,0.491279069767442,0.501756146512795,0.0741758241758242
"296",0.152739726027397,0.117417918753478,0.621189405297351,0.291533546325879,0.335403726708075,0.813372093023256,0.507275464124436,0.0357142857142857,0.263859474274324
"519",0.228310502283105,0.0306065664997218,0.704647676161919,0.672523961661342,0.0527950310559006,0.409883720930233,0.519317611640743,0.151098901098901,0.260620406129314
"1001",0.0910958904109589,0.463550361713968,0.648175912043978,0.412939297124601,0.338509316770186,0.237209302325581,0.479929754139488,0.0741758241758242
"203",0.202511415525114,0,0.626686656671664,0.321884984025559,0.24223602484472,0.840116279069767,0.526843953838435,0.151098901098901,0.411237074872306
"457",0.211643835616438,0,0.502248875562219,0.386581469648562,0.232919254658385,0.572674418604651,0.772202709483191,0.151098901098901,0.511523607823595
"112",0.594977168949772,0.525876460767947,0,0.344249201277955,0.360248447204969,0.417732558139535,0.405920722528851,0.0164835164835165,0.66737261741622
"348",0.255022831050228,0,0.873063468265867,0.263578274760383,0.316770186335404,0.734011627906977,0.457601605619669,0.151098901098901,0.552011959636228
"182",0.657305936073059,0.525876460767947,0,0.192492012779553,0.683229813664596,0.417732558139535,0.405920722528851,0.247252747252747,1
"136",0.769406392694064,0.492487479131887,0,0.512779552715655,0.34472049689441,0.243895348837209,0.285750125439037,0.0741758241758242,0.793197956895478
"455",0.337899543378995,0,0.478260869565217,0.559105431309904,0.164596273291925,0.429941860465116,0.660311088810838,0.151098901098901,0.46480627880902
"226",0.150684931506849,0.117139677239844,0.818590704647676,0,0.177018633540373,0.749127906976744,0.466884094330156,0.0357142857142857,0.192973713716208
"430",0.254566210045662,0,0.870564717641179,0.298722044728434,0.363354037267081,0.705232558139535,0.446312092323131,0.0357142857142857,0.339603837049956
"443",0.254566210045662,0,0.870564717641179,0.298722044728434,0.363354037267081,0.705232558139535,0.446312092323131,0.0741758241758242,0.527096050828454
"740",0.442922374429224,0,0,0.512779552715655,0,0.840116279069767,0.439036628198695,0.0741758241758242
"382",0.486301369863014,0.381190873678353,0,0.185303514376997,0.183229813664596,0.956395348837209,0.37882589061716,0.0741758241758242,0.989410738756696
"594",0.343607305936073,0,0,0.51038338658147,0,0.902906976744186,0.477420973406924,0.0164835164835165,0.113990282795565
"909",0.481735159817352,0.40345019476906,0,0.0415335463258786,0.248447204968944,0.578488372093023,0.572002007024586,0.0741758241758242
"614",0.399543378995434,0,0,0.552715654952077,0,0.48546511627907,0.657300551931761,0.00549450549450549,0.112495328267099
"538",0.863013698630137,0,0,0.560702875399361,0,0.393023255813954,0.296537882589062,0.0741758241758242,0.518375482745733
"624",0.468036529680365,0,0,0.568690095846645,0,0.48546511627907,0.546914199698946,0.00549450549450549,0.127195714463685
"993",0.0949771689497717,0,0.874062968515742,0.292332268370607,0.555900621118012,0.411918604651163,0.628449573507275,0.0741758241758242
"746",0.408675799086758,0,0,0.504792332268371,0,0.880813953488372,0.451580531861515,0.0741758241758242
"632",0.509132420091324,0,0,0.496805111821086,0,0.761627906976744,0.474159558454591,0.0164835164835165,0.189485486483119
"256",0.252283105022831,0,0.501749125437281,0.299520766773163,0.270186335403727,0.601162790697674,0.776718514801806,0.0357142857142857,0.298741746605207
"145",0.851598173515982,0.330550918196995,0,0.473642172523962,0.27639751552795,0.148546511627907,0.470396387355745,0.151098901098901,0.871683069639965
"325",0.343150684931507,0,0.493753123438281,0.195686900958467,0.440993788819876,0.543023255813953,0.740090316106372,0.00549450549450549,0.2423072131556
"613",0.399543378995434,0,0,0.552715654952077,0,0.48546511627907,0.657300551931761,0.0741758241758242,0.294506042107886
"573",0.271232876712329,0.409571508069004,0,0.51038338658147,0,0.738372093023256,0.377069744104365,0.0164835164835165,0.134047589385823
"609",0.305936073059361,0,0,0.57667731629393,0,0.48546511627907,0.730055193176116,0.244505494505494,0.244425065404261
"117",0.621004566210046,0.526432943795214,0,0.385782747603834,0.313664596273292,0.363662790697674,0.408178625188159,0.0741758241758242,0.732029400772393
"758",0.5662100456621,0,0,0.648562300319489,0,0.502906976744186,0.454089312594079,0.0164835164835165
"277",0.341095890410959,0,0.591204397801099,0.532747603833866,0.180124223602484,0.661046511627907,0.410687405920723,0.0741758241758242,0.34035131431419
"664",0.0707762557077626,0.556483027267668,0,0.560702875399361,0,0.367441860465116,0.615153035624686,0.0741758241758242,0.318176155475271
"521",0.415525114155251,0.0417362270450751,0.704647676161919,0.456869009584665,0.170807453416149,0.119186046511628,0.519317611640743,0.00549450549450549,0.137909555251028
"423",0.149315068493151,0.361435726210351,0.642678660669665,0.428913738019169,0.24223602484472,0.596802325581395,0.382839939789262,0.0357142857142857,0.367260495826585
"285",0.181278538812785,0,0.834582708645677,0.381789137380192,0.236024844720497,0.740116279069767,0.461113898645258,0.00549450549450549,0.140650305219883
"26",0.634703196347032,0,0,0.848242811501597,0,0.380813953488372,0.190667335674862,0.739010989010989,0.634981935966114
"913",0.399543378995434,0.325542570951586,0.454772613693153,0.552715654952077,0.217391304347826,0.421511627906977,0.180632212744606,0.0741758241758242
"175",0.684474885844749,0.263494713411241,0,0.204472843450479,0.354037267080745,0.423837209302325,0.647516307074762,0.247252747252747,0.911548523732403
"959",0.360502283105023,0.279910962715637,0.391804097951025,0.389776357827476,0.322981366459627,0.391569767441861,0.423733065730055,0.0741758241758242
"288",0.181278538812785,0,0.834582708645677,0.381789137380192,0.236024844720497,0.740116279069767,0.461113898645258,0.151098901098901,0.4141024043852
"561",0.271232876712329,0.409571508069004,0,0.51038338658147,0,0.738372093023256,0.377069744104365,0.0741758241758242,0.291765292139031
"920",0.481735159817352,0,0,0.44888178913738,0.248447204968944,0.578488372093023,0.572002007024586,0.0741758241758242
"809",0.342465753424658,0,0,0.512779552715655,0,0.901162790697674,0.476668339187155,0.0164835164835165
"343",0.445662100456621,0,0.587206396801599,0.42332268370607,0.295031055900621,0.644767441860465,0.400150526843954,0.151098901098901,0.618288277064906
"448",0.17351598173516,0.361157484696717,0.592703648175912,0.464057507987221,0.111801242236025,0.599709302325581,0.383341695935775,0.151098901098901,0.576304970723807
"428",0.201598173515982,0,0.625687156421789,0.357827476038339,0.307453416149068,0.808139534883721,0.514049172102358,0.0357142857142857,0.212906440762427
"327",0.343150684931507,0,0.493753123438281,0.195686900958467,0.440993788819876,0.543023255813953,0.740090316106372,0.0741758241758242,0.60134545907562
"709",0.0319634703196347,0.481357818586533,0,0.560702875399361,0,0.316279069767442,0.747365780230808,0.00549450549450549,0.0492089198953532
"183",0.594977168949772,0.525876460767947,0,0.344249201277955,0.360248447204969,0.417732558139535,0.405920722528851,0.247252747252747,0.958888750467173
"841",0.474885844748858,0.397885364496383,0,0.369009584664537,0.31055900621118,0.328488372093023,0.526843953838435,0.0741758241758242
"350",0.254566210045662,0,0.870564717641179,0.261980830670926,0.363354037267081,0.730523255813953,0.455343702960361,0.00549450549450549,0.187367634234459
"951",0.512557077625571,0,0.689155422288856,0.616613418530351,0.335403726708075,0.000290697674418671,0.497992975413949,0.0741758241758242
"825",0.45662100456621,0,0,0.648562300319489,0,0.502906976744186,0.559458103361766,0.0741758241758242
"141",0.482420091324201,0.729549248747913,0,0.428913738019169,0.267080745341615,0.714825581395349,0.0446562970396386,0.151098901098901,0.779494207051202
"209",0.251369863013699,0,0.607696151924038,0.467252396166134,0.177018633540373,0.745930232558139,0.464877069744104,0.271978021978022,0.464432540176903
"64",0.200913242009132,0.528658875904285,0,0.848242811501597,0,0.380813953488372,0.190667335674862,0.739010989010989,0.602092936339853
"157",0.420776255707763,0.558987200890373,0,0.182907348242811,0.347826086956522,0.591860465116279,0.526091319618665,0.151098901098901,0.880279058178647
"364",0.265296803652968,0.151919866444073,0.618690654672664,0.151757188498403,0.369565217391304,0.798546511627907,0.498494731560462,0.271978021978022,0.762426809517877
"381",0.851598173515982,0,0.294852573713143,0.161341853035144,0.0590062111801242,0.863372093023256,0.117912694430507,0.0741758241758242,0.68394169677339
"128",0.494977168949772,0.591263216471898,0,0.270766773162939,0.444099378881988,0.148546511627907,0.718514801806322,0.0741758241758242,0.662389435654666
"514",0.735159817351598,0.0612131329994435,0.659670164917541,0.369009584664537,0.27639751552795,0.061046511627907,0.39136979427998,0.0164835164835165,0.472903949171546
"759",0.5662100456621,0,0,0.648562300319489,0,0.502906976744186,0.454089312594079,0.0357142857142857
"906",0.0753424657534247,0,0.829585207396302,0.464856230031949,0.31055900621118,0.465116279069767,0.529352734570999,0.0741758241758242
"882",0.116438356164384,0.40345019476906,0.56471764117941,0.44888178913738,0.248447204968944,0.584302325581395,0.238334169593578,0.0741758241758242
"889",0.116438356164384,0.40345019476906,0,0.44888178913738,0.248447204968944,0.578488372093023,0.572002007024586,0.0741758241758242
"459",0.143835616438356,0,0.717641179410295,0.335463258785943,0,0.594767441860465,0.769944806823883,0.271978021978022,0.44387691541049
"752",1,0,0,0.408945686900959,0,0.941860465116279,0.0476668339187155,0.0164835164835165
"309",0.399771689497717,0,0.486756621689155,0.309904153354633,0.366459627329193,0.502616279069767,0.706472654290015,0.271978021978022,0.66413354927121
"828",0.958904109589041,0,0,0.193290734824281,0,0.276162790697674,0.75765178123432,0.0164835164835165
"452",0.148401826484018,0.209794101279911,0.834582708645677,0.337060702875399,0.245341614906832,0.599709302325581,0.441796287004516,0.151098901098901,0.636975208670736
"576",0.310730593607306,0,0,0.51038338658147,0,0.923837209302325,0.489964877069744,0.0741758241758242,0.189983804659275
"699",0.231735159817352,0.849471341124096,0,0.652555910543131,0,0.472093023255814,0.0903161063723031,0.0741758241758242,0.490220505792949
"92",0.594977168949772,0.525876460767947,0,0.344249201277955,0.360248447204969,0.417732558139535,0.405920722528851,0.00549450549450549,0.410738756696151
"398",0.0981735159817352,0.322760155815248,0.594702648675662,0.496805111821086,0.177018633540373,0.0930232558139535,0.717511289513296,0.0741758241758242,0.334246916656285
"658",0.0143835616438356,0.451864218141347,0,0.652555910543131,0,0.398837209302326,0.639739086803813,0.0741758241758242,0.227482247414974
"891",0.127853881278539,0,0.974512743628186,0.784345047923323,0.341614906832298,0.281976744186047,0.298544907175113,0.0741758241758242
"313",0.442237442922374,0,0.47776111944028,0.396964856230032,0.27639751552795,0.44796511627907,0.665328650275966,0.151098901098901,0.577924504796313
"332",0.330593607305936,0,0.625187406296852,0.171725239616614,0.372670807453416,0.830813953488372,0.519066733567486,0.0741758241758242,0.625015572443005
"876",0.121004566210046,0.509181969949917,0,0.568690095846645,0.279503105590062,0.715116279069767,0.258404415454089,0.0741758241758242
"916",0.121004566210046,0.511964385086255,0.71464267866067,0.57667731629393,0.279503105590062,0.229651162790698,0.263421976919217,0.0741758241758242
"77",0.837899543378995,0.326099053978854,0,0.12779552715655,1,0.148546511627907,0.618414450577019,0.00549450549450549,0.471782733275196
"865",0.447488584474886,0,0.534732633683158,0.704472843450479,0.341614906832298,0.229651162790698,0.376317109884596,0.0741758241758242
"283",0.341095890410959,0,0.591204397801099,0.532747603833866,0.198757763975155,0.661046511627907,0.410687405920723,0.151098901098901,0.427432415597359
"72",0.482420091324201,0.729549248747913,0,0.428913738019169,0.267080745341615,0.714825581395349,0.0446562970396386,0.00549450549450549,0.329762053070886
"526",0.58675799086758,0.0528658875904285,0.704647676161919,0.257188498402556,0.338509316770186,0.409883720930233,0.519317611640743,0.00549450549450549,0.283916780864582
"508",0.735159817351598,0.0612131329994435,0.659670164917541,0.44888178913738,0.263975155279503,0.061046511627907,0.39136979427998,0.0741758241758242,0.743989037000125
"199",0.211643835616438,0,0.502248875562219,0.349840255591054,0.232919254658385,0.597093023255814,0.782488710486703,0.271978021978022,0.43615298368008
"838",0.621004566210046,0,0,0.544728434504792,0.217391304347826,0.616279069767442,0.3411941796287,0.0741758241758242
"899",0.534246575342466,0,0,0.480830670926518,0.093167701863354,0.537790697674419,0.559458103361766,0.0741758241758242
"583",0.155936073059361,0.432665553700612,0,0.51038338658147,0,0.655813953488372,0.326894129453086,0.0741758241758242,0.291516133050953
"119",0.737442922374429,0.295770728992766,0,0.253194888178914,0.512422360248447,0.148546511627907,0.735323632714501,0.0741758241758242,0.722063037249284
"1010",0.447716894977169,0,0.534732633683158,0.515974440894569,0.18944099378882,0.226744186046512,0.554942298043151,0.0741758241758242
"975",0.105251141552511,0,0.910044977511244,0.476038338658147,0.46583850931677,0.110174418604651,0.728299046663321,0.0741758241758242
"379",0.625570776255708,0,0,0.741214057507987,0,0.588662790697674,0.422478675363773,0.271978021978022,0.507412482870313
"953",0.365068493150685,0.307456872565387,0.430284857571214,0.587859424920128,0.15527950310559,0.273837209302326,0.347717009533367,0.0741758241758242
"847",0.602739726027397,0.52031163049527,0,0.552715654952077,0.217391304347826,0.0668604651162791,0.408931259407928,0.0741758241758242
"607",0.305936073059361,0,0,0.57667731629393,0,0.48546511627907,0.730055193176116,0.0357142857142857,0.130933100784851
"917",0.426940639269406,0.372843628269338,0,0.584664536741214,0.186335403726708,0.357558139534884,0.41645760160562,0.0741758241758242
"248",0.310730593607306,0,0.470264867566217,0.518370607028754,0.217391304347826,0.432848837209302,0.634721525338685,0.151098901098901,0.464183381088825
"636",0.452054794520548,0,0,0.496805111821086,0,0.796511627906977,0.504264927245359,0.0164835164835165,0.165067895851501
"173",0.737442922374429,0.295770728992766,0,0.253194888178914,0.512422360248447,0.148546511627907,0.735323632714501,0.247252747252747,0.783231593372368
"902",0.0958904109589041,0.473010573177518,0.664667666166917,0.560702875399361,0.248447204968944,0.0377906976744186,0.529352734570999,0.0741758241758242
"670",0.424657534246575,0.534223706176962,0,0.560702875399361,0,0.380813953488372,0.31058705469142,0.00549450549450549,0.171670611685561
"633",0.509132420091324,0,0,0.496805111821086,0,0.761627906976744,0.474159558454591,0.0741758241758242,0.351812632365766
"75",0.623287671232877,0.260990539788536,0,0.0383386581469648,0.726708074534161,0.148546511627907,1,0.00549450549450549,0.332253643951663
"126",0.98013698630137,0,0,0.159744408945687,0.875776397515528,0.148546511627907,0.751881585549423,0.0741758241758242,0.673601594618164
"466",0.163926940639269,0.259877573734001,0.799100449775113,0.40335463258786,0.301242236024845,0.599418604651163,0.382839939789262,0.271978021978022,0.605581163572941
"515",0.735159817351598,0.0612131329994435,0.659670164917541,0.369009584664537,0.27639751552795,0.061046511627907,0.39136979427998,0.151098901098901,0.897346455711972
"605",0.541095890410959,0,0,0.600638977635783,0,0.48546511627907,0.469141996989463,1,0.455462813006104
"697",0.186986301369863,0.341124095715081,0,0.652555910543131,0,0.459883720930233,0.516808830908179,0.0164835164835165,0.105394294256883
"731",0.522831050228311,0,0,0.560702875399361,0,0.651162790697674,0.569493226292022,0.326923076923077
"19",0.634703196347032,0.264329437952142,0,0.848242811501597,0,0.380813953488372,0,0.244505494505494,0.476267596860596
"532",0.762557077625571,0,0,0.768370607028754,0,0.108720930232558,0.315353738083292,0.0741758241758242,0.268095178771646
"864",0.424657534246575,0.336672231496939,0,0.440894568690096,0.217391304347826,0.311046511627907,0.589563472152534,0.0741758241758242
"627",0.305936073059361,0,0,0.568690095846645,0,0.48546511627907,0.730055193176116,0.0164835164835165,0.0954279307337735
"216",0.201598173515982,0,0.625687156421789,0.320287539936102,0.307453416149068,0.834593023255814,0.523331660812845,0.0357142857142857,0.254017690295254
"797",0.908675799086758,0,0,0.624600638977636,0,0.941860465116279,0.0476668339187155,0.244505494505494
"52",0.200913242009132,0.528658875904285,0,0.848242811501597,0,0.380813953488372,0.190667335674862,0.491758241758242,0.555624766413355
"770",0.522831050228311,0,0,0.560702875399361,0,0.51453488372093,0.579528349222278,0.986263736263736
"367",0.257762557077626,0.149693934335003,0.609195402298851,0.269968051118211,0.298136645962733,0.620058139534884,0.468138484696438,0.0741758241758242,0.621278186121839
"357",0.4,0.27212020033389,0.122438780609695,0.310702875399361,0.347826086956522,0.757848837209302,0.472905168088309,0.0741758241758242,0.757568207300361
"998",0.474885844748858,0.397328881469115,0,0.368210862619808,0.31055900621118,0.329360465116279,0.526843953838435,0.0741758241758242
"130",0.594977168949772,0.525876460767947,0,0.344249201277955,0.360248447204969,0.417732558139535,0.405920722528851,0.0741758241758242,0.859225115236078
"903",0.522831050228311,0.473010573177518,0,0.584664536741214,0.248447204968944,0.0290697674418605,0.521826392373307,0.0741758241758242
"1002",0.44703196347032,0.38174735670562,0.534232883558221,0.634984025559105,0.186335403726708,0.225,0.153788258906171,0.0741758241758242
"698",0.0143835616438356,0.451864218141347,0,0.652555910543131,0,0.398837209302326,0.639739086803813,0.0164835164835165,0.0671483742369503
"501",0.888127853881279,0.0723427935447969,0.614692653673163,0.63258785942492,0.12111801242236,0.061046511627907,0.263421976919217,0.0741758241758242,0.692537685312072
"618",0.34703196347032,0,0,0.608626198083067,0,0.48546511627907,0.674862017059709,0.00549450549450549,0.0869565217391304
"631",0.280821917808219,0,0,0.472843450479233,0,0.906976744186046,0.59959859508279,0.0741758241758242,0.186993895602342
"269",0.251141552511416,0,0.623688155922039,0.297124600638978,0.24223602484472,0.826744186046512,0.515554440541897,0.271978021978022,0.566712345832814
"772",0.522831050228311,0,0,0.560702875399361,0,0.51453488372093,0.579528349222278,0.00549450549450549
"441",0.201598173515982,0,0.625687156421789,0.357827476038339,0.307453416149068,0.808139534883721,0.514049172102358,0.0741758241758242,0.280553133175533
"973",0.0997716894977169,0.480244852531998,0,0.480031948881789,0.105590062111801,0.537209302325581,0.558956347215253,0.0741758241758242
"856",0.511415525114155,0.461880912632165,0,0.416932907348243,0.279503105590062,0.23546511627907,0.491721023582539,0.0741758241758242
"641",0.680365296803653,0,0,0.520766773162939,0,0.651162790697674,0.37882589061716,0.0164835164835165,0.346455711972094
"295",0.152739726027397,0.117417918753478,0.621189405297351,0.291533546325879,0.335403726708075,0.813372093023256,0.507275464124436,0.00549450549450549,0.0631618288277065
"546",0.349315068493151,0,0,0.560702875399361,0,0.258139534883721,0.880582037129955,0.0741758241758242,0.204559611311823
"562",0.67351598173516,0,0,0.51038338658147,0,0.696511627906977,0.351981936778725,0.0741758241758242,0.383082097919522
"427",0.163926940639269,0.259877573734001,0.799100449775113,0.40335463258786,0.301242236024845,0.599418604651163,0.382839939789262,0.0357142857142857,0.339105518873801
"153",0.594977168949772,0.525876460767947,0,0.344249201277955,0.360248447204969,0.417732558139535,0.405920722528851,0.151098901098901,0.9339728416594
"600",0.541095890410959,0,0,0.600638977635783,0,0.48546511627907,0.469141996989463,0.0164835164835165,0.232216270088451
"652",0.186986301369863,0.341124095715081,0,0.652555910543131,0,0.459883720930233,0.516808830908179,0.00549450549450549,0.0320169428179893
"803",0.541095890410959,0,0,0.504792332268371,0,0.752906976744186,0.401404917210236,0.0741758241758242
"981",0.104566210045662,0.487200890372844,0,0.394568690095847,0.0683229813664596,0.578488372093023,0.588309081786252,0.0741758241758242
"785",0.522831050228311,0,0,0.560702875399361,0,0.226744186046512,0.579528349222278,0.00549450549450549
"254",0.337899543378995,0,0.478260869565217,0.523961661341853,0.170807453416149,0.453197674418605,0.670346211741094,0.271978021978022,0.498567335243553
"297",0.152739726027397,0.117417918753478,0.621189405297351,0.291533546325879,0.335403726708075,0.813372093023256,0.507275464124436,0.0741758241758242,0.358664507287903
"965",0.0952054794520548,0.473567056204786,0.662668665667166,0.557507987220447,0.263975155279503,0.0380813953488373,0.530105368790768,0.0741758241758242
"807",0.639269406392694,0,0,0.504792332268371,0,0.715116279069767,0.363773206221776,0.0164835164835165
"507",0.888127853881279,0.0723427935447969,0.614692653673163,0.63258785942492,0.12111801242236,0.061046511627907,0.263421976919217,0.151098901098901,0.741622025663386
"188",0.274885844748858,0,0.483258370814593,0.539137380191693,0.139751552795031,0.482848837209302,0.693176116407426,0.151098901098901,0.337859723433412
"282",0.341095890410959,0,0.591204397801099,0.532747603833866,0.198757763975155,0.661046511627907,0.410687405920723,0.0741758241758242,0.377849757069889
"120",0.737442922374429,0.295770728992766,0,0.236421725239617,0.577639751552795,0.392441860465116,0.526091319618665,0.0741758241758242,0.740874548399153
"678",0,0.425709515859766,0,0.560702875399361,0,0.25,0.873055694932263,0.0164835164835165,0.0666500560607948
"531",0.58675799086758,0.0528658875904285,0.704647676161919,0.257188498402556,0.338509316770186,0.409883720930233,0.519317611640743,0.151098901098901,0.80291516133051
"992",0.474657534246575,0.397328881469115,0.555722138930535,0.36741214057508,0.686335403726708,0.328197674418605,0.143502257902659,0.0741758241758242
"471",0.341095890410959,0,0.591204397801099,0.567891373801917,0.180124223602484,0.705232558139535,0.402157551430005,0.271978021978022,0.471159835555002
"449",0.149315068493151,0.361435726210351,0.642678660669665,0.428913738019169,0.24223602484472,0.596802325581395,0.382839939789262,0.151098901098901,0.615298368007973
"735",0.563926940639269,0,0,0.560702875399361,0,0.741279069767442,0.539387857501254,0.244505494505494
"926",0.141552511415525,0.45353366722315,0.63968015992004,0.600638977635783,0.248447204968944,0.465116279069767,0.117912694430507,0.0741758241758242
"954",0.128767123287671,0,0.974012993503248,0.781948881789137,0.341614906832298,0.281104651162791,0.298294029101856,0.0741758241758242
"1024",0.131963470319635,0.695603784084585,0,0.372204472843451,0.37888198757764,0.721802325581395,0.236327145007526,0.0741758241758242
"481",0.785388127853881,0.0667779632721202,0.39480259870065,0.321086261980831,0.360248447204969,0.482558139534884,0.296036126442549,0.0164835164835165,0.460570574311698
"924",0.136986301369863,0.575959933222037,0.859570214892554,0.752396166134185,0.31055900621118,0.061046511627907,0.110386352232815,0.0741758241758242
"33",0.220547945205479,0.368391764051197,0,0.560702875399361,0,0.515697674418605,0.58078273958856,0.491758241758242,0.490718823969104
"815",0.474885844748858,0,0,0.560702875399361,0,0.491279069767442,0.642247867536377,0.986263736263736
"727",0.522831050228311,0,0,0.560702875399361,0,0.651162790697674,0.569493226292022,0.00549450549450549
"732",0.563926940639269,0,0,0.560702875399361,0,0.741279069767442,0.539387857501254,0.00549450549450549
"528",0.58675799086758,0.0528658875904285,0.704647676161919,0.257188498402556,0.338509316770186,0.409883720930233,0.519317611640743,0.0164835164835165,0.4163448361779
"280",0.341095890410959,0,0.591204397801099,0.532747603833866,0.198757763975155,0.661046511627907,0.410687405920723,0.00549450549450549,0.134421328017939
"98",0.623287671232877,0.260990539788536,0,0.0383386581469648,0.726708074534161,0.148546511627907,1,0.0164835164835165,0.540301482496574
"144",0.623287671232877,0.260990539788536,0,0.0383386581469648,0.726708074534161,0.148546511627907,1,0.151098901098901,0.720941821352934
"212",0.292237442922374,0,0.591204397801099,0.588658146964856,0.142857142857143,0.663953488372093,0.41294530858003,0.0741758241758242,0.275943690046094
"791",0.563926940639269,0,0,0.560702875399361,0,0.715116279069767,0.531861515303562,0.244505494505494
"927",0.136986301369863,0.595436839176405,0.819590204897551,0.640575079872205,0.31055900621118,0.0552325581395349,0.215755143000502,0.0741758241758242
"524",0.58675799086758,0.0528658875904285,0.704647676161919,0.257188498402556,0.338509316770186,0.409883720930233,0.519317611640743,0.0741758241758242,0.755076616419584
"721",0.231735159817352,0.849471341124096,0,0.652555910543131,0,0.472093023255814,0.0903161063723031,0.244505494505494,0.617042481624517
"911",0.0958904109589041,0.378408458542014,0.529735132433783,0.44888178913738,0.217391304347826,0.406976744186047,0.451580531861515,0.0741758241758242
"16",0.634703196347032,0,0,0.848242811501597,0,0.380813953488372,0.190667335674862,0.244505494505494,0.630123333748599
"133",0.594977168949772,0.525876460767947,0,0.344249201277955,0.360248447204969,0.417732558139535,0.405920722528851,0.0741758241758242,0.859225115236078
"242",0.291552511415525,0,0.590704647676162,0.586261980830671,0.18944099378882,0.660174418604651,0.410436527847466,0.0741758241758242,0.276691167310328
"422",0.17351598173516,0.361157484696717,0.592703648175912,0.464057507987221,0.111801242236025,0.599709302325581,0.383341695935775,0.0357142857142857,0.39753332502803
"421",0.143835616438356,0.357540345019477,0.660169915042479,0.425718849840256,0.251552795031056,0.595348837209302,0.382839939789262,0.0357142857142857,0.383206677463561
"108",0.506164383561644,0.786867000556483,0,0.495207667731629,0.319875776397516,0.411918604651163,0.165328650275966,0.0164835164835165,0.59137909555251
"475",0.785388127853881,0.0667779632721202,0.39480259870065,0.321086261980831,0.319875776397516,0.482558139534884,0.296036126442549,0.0741758241758242,0.636103151862464
"400",0.301369863013699,0.434056761268781,0,0.536741214057508,0.183229813664596,0.523255813953488,0.41645760160562,0.0741758241758242,0.460570574311698
"95",0.482420091324201,0.729549248747913,0,0.428913738019169,0.267080745341615,0.714825581395349,0.0446562970396386,0.0164835164835165,0.504173414725302
"90",0.769406392694064,0.492487479131887,0,0.512779552715655,0.34472049689441,0.243895348837209,0.285750125439037,0.00549450549450549,0.460570574311698
"378",0.625570776255708,0,0,0.741214057507987,0,0.588662790697674,0.422478675363773,0.151098901098901,0.423196711100037
"551",0.664383561643836,0,0,0.560702875399361,0,0.405813953488372,0.480682388359257,0.0164835164835165,0.316556621402766
"414",0.163926940639269,0.259877573734001,0.799100449775113,0.40335463258786,0.301242236024845,0.599418604651163,0.382839939789262,0.00549450549450549,0.168057804908434
"503",0.888127853881279,0.0723427935447969,0.614692653673163,0.704472843450479,0.12111801242236,0.23546511627907,0.263421976919217,0.0164835164835165,0.388189859225115
"743",0.863013698630137,0,0,0.560702875399361,0,0.392441860465116,0.318615153035625,0.244505494505494
"1007",0.142922374429224,0,0.751624187906047,0.477635782747604,0.363354037267081,0.646220930232558,0.33843452082288,0.0741758241758242
"324",0.335844748858447,0,0.493753123438281,0.289936102236422,0.397515527950311,0.543023255813953,0.740090316106372,0.271978021978022,0.607076118101408
"404",0.579908675799087,0.331107401224263,0,0.305111821086262,0.279503105590062,0.755813953488372,0.15805318615153,0.0741758241758242,0.70599227606827
"1003",0.500684931506849,0.456872565386756,0,0.548722044728435,0.142857142857143,0.200581395348837,0.451580531861515,0.0741758241758242
"1004",0.602739726027397,0.52031163049527,0,0.555111821086262,0.204968944099379,0.0677325581395348,0.408680381334671,0.0741758241758242
"154",0.506164383561644,0.786867000556483,0,0.495207667731629,0.319875776397516,0.411918604651163,0.165328650275966,0.151098901098901,0.970100909430672
"409",0.17351598173516,0.361157484696717,0.592703648175912,0.464057507987221,0.111801242236025,0.599709302325581,0.383341695935775,0.00549450549450549,0.229226361031519
"215",0.201598173515982,0,0.625687156421789,0.320287539936102,0.307453416149068,0.834593023255814,0.523331660812845,0.00549450549450549,0.0887006353556746
"205",0.251369863013699,0,0.607696151924038,0.467252396166134,0.177018633540373,0.745930232558139,0.464877069744104,0.00549450549450549,0.126323657655413
"586",0.429680365296804,0.538397328881469,0,0.51038338658147,0,0.573255813953488,0.276718514801806,0.0741758241758242,0.382583779743366
"454",0.201598173515982,0,0.625687156421789,0.357827476038339,0.307453416149068,0.808139534883721,0.514049172102358,0.151098901098901,0.366139279930235
"634",0.394977168949772,0,0,0.488817891373802,0,0.834302325581395,0.53687907676869,0.0164835164835165,0.147875918774137
"870",0.502283105022831,0,0.579710144927536,0.592651757188498,0.31055900621118,0.0494186046511628,0.54942298043151,0.0741758241758242
"579",0.208904109589041,0.807456872565387,0,0.51038338658147,0,0.573255813953488,0.276718514801806,0.0164835164835165,0.185249781985798
"110",0.594977168949772,0.525876460767947,0,0.344249201277955,0.360248447204969,0.417732558139535,0.405920722528851,0.0164835164835165,0.66737261741622
"29",0.743150684931507,0.132164718976071,0,0.848242811501597,0,0.380813953488372,0,0.0741758241758242,0.43727419957643
"1005",0.405936073059361,0.358653311074012,0.501749125437281,0.404153354632588,0.295031055900621,0.0700581395348838,0.529101856497742,0.0741758241758242
"1027",0.502739726027397,0,0.577711144427786,0.592651757188498,0.322981366459627,0.0491279069767441,0.550426492724536,0.0741758241758242
"588",0.310958904109589,0.441847523650529,0,0.51038338658147,0,0.696511627906977,0.351981936778725,0.0741758241758242,0.30621651924754
"465",0.148401826484018,0.209794101279911,0.834582708645677,0.337060702875399,0.245341614906832,0.599709302325581,0.441796287004516,0.271978021978022,0.678709355923757
"461",0.17351598173516,0.361157484696717,0.592703648175912,0.464057507987221,0.111801242236025,0.599709302325581,0.383341695935775,0.271978021978022,0.593746106889249
"286",0.181278538812785,0,0.834582708645677,0.381789137380192,0.236024844720497,0.740116279069767,0.461113898645258,0.0357142857142857,0.2400647813629
"552",0.349315068493151,0,0,0.560702875399361,0,0.258139534883721,0.880582037129955,0.00549450549450549,0.073128192350816
"339",0.395205479452055,0,0.606696651674163,0.30111821086262,0.307453416149068,0.734302325581395,0.460361264425489,0.271978021978022,0.701133673850754
"558",0.350456621004566,0.47384529771842,0,0.51038338658147,0,0.655813953488372,0.326894129453086,0.0164835164835165,0.185748100161953
"232",0.255022831050228,0.272954924874791,0.122438780609695,0.478434504792332,0.214285714285714,0.769767441860465,0.480180632212745,0.0741758241758242,0.540426062040613
"42",0.743150684931507,0.132164718976071,0,0.848242811501597,0,0.380813953488372,0,1,0.5153855736888
"458",0.341095890410959,0,0.591204397801099,0.567891373801917,0.180124223602484,0.705232558139535,0.402157551430005,0.151098901098901,0.460196835679581
"195",0.211643835616438,0,0.502248875562219,0.349840255591054,0.232919254658385,0.597093023255814,0.782488710486703,0.00549450549450549,0.126074498567335
"819",0.965753424657534,0,0,0.536741214057508,0,0.941860465116279,0.0476668339187155,0.0741758241758242
"53",0.309360730593607,0.660823594880356,0,0.848242811501597,0,0.380813953488372,0,0.244505494505494,0.383580416095677
"301",0.43013698630137,0,0.480759620189905,0.369808306709265,0.291925465838509,0.465697674418605,0.679879578524837,0.0357142857142857,0.402890245421702
"111",0.420776255707763,0.558987200890373,0,0.182907348242811,0.347826086956522,0.591860465116279,0.526091319618665,0.0164835164835165,0.444375233586645
"767",0.646118721461187,0,0,0.512779552715655,0,0.479651162790698,0.423983943803312,0.0357142857142857
"1",1,0,0,0.321086261980831,0.077639751552795,0.694767441860465,0.205720020070246,0.0741758241758242,0.967484739005855
"640",0.680365296803653,0,0,0.520766773162939,0,0.651162790697674,0.37882589061716,0.0741758241758242,0.5153855736888
"657",0.223744292237443,0.370061213132999,0,0.560702875399361,0,0.477906976744186,0.532363271450075,0.00549450549450549,0.113118225987293
"132",0.633561643835616,0.420701168614357,0,0.256389776357828,0.493788819875776,0.968895348837209,0.0275965880582037,0.0741758241758242,0.621278186121839
"771",0.563926940639269,0,0,0.560702875399361,0,0.715116279069767,0.531861515303562,0.00549450549450549
"109",0.633561643835616,0.420701168614357,0,0.256389776357828,0.493788819875776,0.968895348837209,0.0275965880582037,0.0164835164835165,0.557742618662016
"358",0.4,0.27212020033389,0.122438780609695,0.310702875399361,0.347826086956522,0.757848837209302,0.472905168088309,0.151098901098901,0.803413479506665
"322",0.335844748858447,0,0.493753123438281,0.289936102236422,0.397515527950311,0.543023255813953,0.740090316106372,0.0741758241758242,0.355300859598854
"100",0.837899543378995,0.326099053978854,0,0.12779552715655,1,0.148546511627907,0.618414450577019,0.0164835164835165,0.654914663012333
"228",0.150684931506849,0.117139677239844,0.818590704647676,0,0.177018633540373,0.749127906976744,0.466884094330156,0.151098901098901,0.380216768406628
"985",0.120547945205479,0,0.713643178410795,0.571086261980831,0.282608695652174,0.221511627906977,0.68665328650276,0.0741758241758242
"40",0.309360730593607,0.660823594880356,0,0.848242811501597,0,0.380813953488372,0,0.491758241758242,0.422573813379843
"675",0.305936073059361,0.43683917640512,0,0.560702875399361,0,0.498837209302326,0.389111891620672,0.00549450549450549,0.140027407499689
"844",0.091324200913242,0.464663327768503,0.649675162418791,0.416932907348243,0.341614906832298,0.238372093023256,0.479177119919719,0.0741758241758242
"922",0.121004566210046,0,0.71464267866067,0.568690095846645,0.279503105590062,0.22093023255814,0.687405920722529,0.0741758241758242
"383",0.920091324200913,0,0.299850074962519,0.584664536741214,0,0.665697674418605,0.0903161063723031,0.0741758241758242,0.768531207175782
"890",0.365296803652968,0.308848080133556,0.429785107446277,0.584664536741214,0.15527950310559,0.273255813953488,0.348720521826392,0.0741758241758242
"219",0.201598173515982,0,0.625687156421789,0.320287539936102,0.307453416149068,0.834593023255814,0.523331660812845,0.271978021978022,0.474149744611935
"635",0.394977168949772,0,0,0.488817891373802,0,0.834302325581395,0.53687907676869,0.0741758241758242,0.276192849134172
"169",0.837899543378995,0.326099053978854,0,0.12779552715655,1,0.148546511627907,0.618414450577019,0.247252747252747,0.851750342593746
"237",0.255251141552511,0.272954924874791,0.122438780609695,0.478434504792332,0.208074534161491,0.770348837209302,0.480431510286001,0.0741758241758242,0.472156471907313
"202",0.202511415525114,0,0.626686656671664,0.321884984025559,0.24223602484472,0.840116279069767,0.526843953838435,0.0741758241758242,0.299862962501557
"139",0.538584474885845,0.525876460767947,0,0.424121405750799,0.295031055900621,0.417732558139535,0.405920722528851,0.0741758241758242,0.592624890992899
"159",0.769406392694064,0.492487479131887,0,0.512779552715655,0.34472049689441,0.243895348837209,0.285750125439037,0.151098901098901,0.864208296997633
"451",0.16324200913242,0.139398998330551,0.867066466766617,0.343450479233227,0.201863354037267,0.596511627906977,0.500501756146513,0.151098901098901,0.640837174535941
"308",0.399771689497717,0,0.486756621689155,0.309904153354633,0.366459627329193,0.502616279069767,0.706472654290015,0.151098901098901,0.60682695901333
"946",0.0865296803652968,0.368948247078464,0.51624187906047,0.626996805111821,0.229813664596273,0.334302325581395,0.399899648770697,0.0741758241758242
"710",0.162100456621005,0.322760155815248,0,0.560702875399361,0,0.423837209302325,0.659307576517812,0.244505494505494,0.370873302603713
"1017",0.142009132420091,0,1,0.47444089456869,0.391304347826087,0.140406976744186,0.632212744606121,0.0741758241758242
"894",0.107305936073059,0.328324986087924,0.459770114942529,0.488817891373802,0.217391304347826,0.441860465116279,0.466633216256899,0.0741758241758242
"55",0.0858447488584475,0.582637729549249,0,0.560702875399361,0,0.715116279069767,0.53411941796287,0.0164835164835165,0.152734520991653
"114",0.657305936073059,0.525876460767947,0,0.192492012779553,0.683229813664596,0.417732558139535,0.405920722528851,0.0164835164835165,0.707113491964619
"977",0.447716894977169,0,0.537231384307846,0.333865814696486,0.397515527950311,0.442441860465116,0.476668339187155,0.0741758241758242
"2",1,0,0,0.321086261980831,0.077639751552795,0.738372093023256,0.205720020070246,0.0741758241758242,0.741995764295503
"525",0.58675799086758,0.0528658875904285,0.704647676161919,0.257188498402556,0.338509316770186,0.409883720930233,0.519317611640743,0.0741758241758242,0.712096673726174
"656",0.147945205479452,0.696160267111853,0,0.652555910543131,0,0.507558139534884,0.247365780230808,0.0741758241758242,0.393920518250903
"453",0.163926940639269,0.259877573734001,0.799100449775113,0.40335463258786,0.301242236024845,0.599418604651163,0.382839939789262,0.151098901098901,0.581288152485362
"812",0.474885844748858,0,0,0.560702875399361,0,0.491279069767442,0.642247867536377,0.0741758241758242
"231",0.255022831050228,0.272954924874791,0.122438780609695,0.478434504792332,0.214285714285714,0.769767441860465,0.480180632212745,0.0357142857142857,0.349570200573066
"972",0.481050228310502,0.402615470228158,0,0.0439297124600639,0.248447204968944,0.577616279069768,0.572503763171099,0.0741758241758242
"408",0.143835616438356,0.357540345019477,0.660169915042479,0.425718849840256,0.251552795031056,0.595348837209302,0.382839939789262,0.00549450549450549,0.212906440762427
"9",0.374429223744292,0.317195325542571,0,0.848242811501597,0,0.380813953488372,0.190667335674862,0.0741758241758242,0.542170175657157
"1013",0.510502283105023,0.4629938786867,0,0.416932907348243,0.27639751552795,0.234302325581395,0.491721023582539,0.0741758241758242
"747",0.908675799086758,0,0,0.624600638977636,0,0.941860465116279,0.0476668339187155,0
"720",0.147945205479452,0.696160267111853,0,0.652555910543131,0,0.507558139534884,0.247365780230808,0.244505494505494,0.513766039616295
"833",0.102739726027397,0.319977740678909,0.444777611194403,0.640575079872205,0.279503105590062,0.171511627906977,0.589563472152534,0.0741758241758242
"556",0.182420091324201,0.7590428491931,0,0.51038338658147,0,0.61453488372093,0.301806322127446,0.0741758241758242,0.319048212283543
"211",0.292237442922374,0,0.591204397801099,0.588658146964856,0.142857142857143,0.663953488372093,0.41294530858003,0.0357142857142857,0.221128690668992
"335",0.395205479452055,0,0.606696651674163,0.30111821086262,0.307453416149068,0.734302325581395,0.460361264425489,0.00549450549450549,0.267472281051451
"597",0.155936073059361,0.432665553700612,0,0.51038338658147,0,0.655813953488372,0.326894129453086,0.0164835164835165,0.10464681699265
"431",0.211643835616438,0,0.502248875562219,0.386581469648562,0.232919254658385,0.572674418604651,0.772202709483191,0.0357142857142857,0.273452099165317
"523",0.415525114155251,0.0417362270450751,0.704647676161919,0.456869009584665,0.170807453416149,0.119186046511628,0.519317611640743,0.151098901098901,0.525601096299988
"663",0.125570776255708,0.656649972175849,0,0.560702875399361,0,0.390697674418605,0.469643753135976,0.0741758241758242,0.390307711473776
"689",0.0143835616438356,0.451864218141347,0,0.652555910543131,0,0.398837209302326,0.639739086803813,0.00549450549450549,0
"655",0.0470319634703196,0.511686143572621,0,0.652555910543131,0,0.456976744186047,0.517059708981435,0.0741758241758242,0.273576678709356
"155",0.633561643835616,0.420701168614357,0,0.256389776357828,0.493788819875776,0.968895348837209,0.0275965880582037,0.151098901098901,0.654914663012333
"236",0.255251141552511,0.272954924874791,0.122438780609695,0.478434504792332,0.208074534161491,0.770348837209302,0.480431510286001,0.0357142857142857,0.193222872804286
"529",0.58675799086758,0.0528658875904285,0.704647676161919,0.257188498402556,0.338509316770186,0.409883720930233,0.519317611640743,0.0164835164835165,0.451974585773016
"261",0.252511415525114,0,0.501749125437281,0.300319488817891,0.322981366459627,0.58953488372093,0.777220270948319,0.0357142857142857,0.287031269465554
"47",0.563926940639269,0,0,0.560702875399361,0,0.715116279069767,0.53411941796287,0.00549450549450549,0.158465180017441
"88",0.420776255707763,0.558987200890373,0,0.182907348242811,0.347826086956522,0.591860465116279,0.526091319618665,0.00549450549450549,0.274947053693783
"233",0.255022831050228,0.272954924874791,0.122438780609695,0.478434504792332,0.214285714285714,0.769767441860465,0.480180632212745,0.151098901098901,0.603463311324281
"185",0.274885844748858,0,0.483258370814593,0.539137380191693,0.139751552795031,0.482848837209302,0.693176116407426,0.00549450549450549,0.115236078235954
"500",0.888127853881279,0.0723427935447969,0.614692653673163,0.704472843450479,0.12111801242236,0.23546511627907,0.263421976919217,0.0741758241758242,0.66301233337486
"492",0.650684931506849,0.0556483027267668,0.469765117441279,0.281150159744409,0.444099378881988,0.398255813953488,0.629703963873557,0.0164835164835165,0.429924006478136
"85",0.506164383561644,0.786867000556483,0,0.495207667731629,0.319875776397516,0.411918604651163,0.165328650275966,0.00549450549450549,0.323533075868942
"866",0.372146118721461,0.308848080133556,0.429785107446277,0.584664536741214,0.186335403726708,0.0930232558139535,0.491721023582539,0.0741758241758242
"437",0.160730593607306,0.0378408458542015,0.861569215392304,0.279552715654952,0.127329192546584,0.596802325581395,0.658304064224787,0.0741758241758242,0.390681450105893
"875",0.481735159817352,0,0.56471764117941,0.44888178913738,0.248447204968944,0.584302325581395,0.238334169593578,0.0741758241758242
"896",0.360730593607306,0.281023928770173,0.389805097451274,0.39297124600639,0.31055900621118,0.392441860465116,0.423983943803312,0.0741758241758242
"970",0.374885844748858,0.312465219810796,0.43728135932034,0.448083067092652,0.322981366459627,0.315988372093023,0.377571500250878,0.0741758241758242
"393",0.527397260273973,0.048692264885921,0.814592703648176,0.361022364217252,0.555900621118012,0.566860465116279,0.14550928248871,0.0741758241758242,0.559985050454715
"1018",0.483561643835616,0,0.56271864067966,0.384185303514377,0.313664596273292,0.361337209302325,0.473908680381335,0.0741758241758242
"167",0.623287671232877,0.260990539788536,0,0.0383386581469648,0.726708074534161,0.148546511627907,1,0.247252747252747,0.749595116481874
"115",0.594977168949772,0.525876460767947,0,0.344249201277955,0.360248447204969,0.417732558139535,0.405920722528851,0.0164835164835165,0.256260122087953
"82",0.494977168949772,0.591263216471898,0,0.270766773162939,0.444099378881988,0.148546511627907,0.718514801806322,0.00549450549450549,0.284913417216893
"1008",0.122374429223744,0.677518085698386,0,0.467252396166134,0.332298136645963,0.642441860465116,0.260160561966884,0.0741758241758242
"468",0.337899543378995,0,0.478260869565217,0.559105431309904,0.164596273291925,0.429941860465116,0.660311088810838,0.271978021978022,0.483742369502928
"69",0.200913242009132,0.528658875904285,0,0.848242811501597,0,0.380813953488372,0.190667335674862,0.0741758241758242,0.480004983181762
"234",0.255022831050228,0.272954924874791,0.122438780609695,0.478434504792332,0.214285714285714,0.769767441860465,0.480180632212745,0.271978021978022,0.642456708608447
"908",0.484018264840183,0.40345019476906,0.56471764117941,0.456869009584665,0.248447204968944,0.197674418604651,0.240842950326141,0.0741758241758242
"156",0.594977168949772,0.525876460767947,0,0.344249201277955,0.360248447204969,0.417732558139535,0.405920722528851,0.151098901098901,0.9339728416594
"628",0.223744292237443,0,0,0.464856230031949,0,0.941860465116279,0.629703963873557,0.0164835164835165,0.0686433287654167
"700",0.231735159817352,0.849471341124096,0,0.652555910543131,0,0.472093023255814,0.0903161063723031,0.00549450549450549,0.0900710103401022
"543",0.349315068493151,0,0,0.560702875399361,0,0.258139534883721,0.880582037129955,0.244505494505494,0.243303849507911
"821",0.965753424657534,0,0,0.536741214057508,0,0.941860465116279,0.0476668339187155,0.739010989010989
"78",0.737442922374429,0.295770728992766,0,0.253194888178914,0.512422360248447,0.148546511627907,0.735323632714501,0.00549450549450549,0.387068643328765
"260",0.252511415525114,0,0.501749125437281,0.300319488817891,0.322981366459627,0.58953488372093,0.777220270948319,0.00549450549450549,0.137037498442756
"715",0.116438356164384,0.283806343906511,0,0.560702875399361,0,0.252906976744186,0.875815353738083,0.0164835164835165,0.0752460445994768
"181",0.769406392694064,0.492487479131887,0,0.512779552715655,0.34472049689441,0.243895348837209,0.285750125439037,0.247252747252747,0.884141024043852
"20",0.851598173515982,0,0,0.848242811501597,0,0.380813953488372,0,0.491758241758242,0.501930982932603
"779",0.440639269406393,0,0,0.504792332268371,0,0.779069767441861,0.439036628198695,0.0164835164835165
"559",0.389954337899543,0.506121313299944,0,0.51038338658147,0,0.61453488372093,0.301806322127446,0.0164835164835165,0.217266724803787
"63",0.474885844748858,0,0,0.560702875399361,0,0.494186046511628,0.643753135975916,0.00549450549450549,0.0939329762053071
"742",0.863013698630137,0,0,0.560702875399361,0,0.392441860465116,0.318615153035625,0.0741758241758242
"5",0.220547945205479,0.368391764051197,0,0.560702875399361,0,0.515697674418605,0.58078273958856,0.986263736263736,0.522860346331132
"171",0.654337899543379,0.270172509738453,0,0.288338658146965,0.375776397515528,0.148546511627907,0.83216256899147,0.247252747252747,0.688551139902828
"820",0.965753424657534,0,0,0.536741214057508,0,0.941860465116279,0.0476668339187155,0.244505494505494
"717",0.0319634703196347,0.481357818586533,0,0.560702875399361,0,0.316279069767442,0.747365780230808,0.0164835164835165,0.0966737261741622
"147",0.737442922374429,0.295770728992766,0,0.253194888178914,0.512422360248447,0.148546511627907,0.735323632714501,0.151098901098901,0.77201943440887
"59",0.461187214611872,0.211463550361714,0,0.848242811501597,0,0.380813953488372,0.190667335674862,0.491758241758242,0.60570574311698
"281",0.341095890410959,0,0.591204397801099,0.532747603833866,0.198757763975155,0.661046511627907,0.410687405920723,0.0357142857142857,0.2753207923259
"249",0.310730593607306,0,0.470264867566217,0.518370607028754,0.217391304347826,0.432848837209302,0.634721525338685,0.271978021978022,0.522860346331132
"989",0.117808219178082,0.401224262659989,0.561219390304848,0.785143769968051,0.313664596273292,0.355232558139535,0.160311088810838,0.0741758241758242
"179",0.420776255707763,0.558987200890373,0,0.182907348242811,0.347826086956522,0.591860465116279,0.526091319618665,0.247252747252747,0.927743864457456
"542",0.527397260273973,0,0,0.560702875399361,0,0.378488372093023,0.623682890115404,0.00549450549450549,0.165566214027657
"860",0.141552511415525,0,0.999500249875062,0.472843450479233,0.403726708074534,0.13953488372093,0.632212744606121,0.0741758241758242
"352",0.254566210045662,0,0.870564717641179,0.261980830670926,0.363354037267081,0.730523255813953,0.455343702960361,0.0741758241758242,0.543291391553507
"574",0.488812785388128,0.586254869226489,0,0.51038338658147,0,0.511627906976744,0.239086803813347,0.0741758241758242,0.453095801669366
"397",0.945205479452055,0,0,0.321086261980831,0.257763975155279,0,0.521826392373307,0.0741758241758242,0.486358539927744
"802",0.342465753424658,0,0,0.504792332268371,0,0.901162790697674,0.476668339187155,0.0741758241758242
"857",0.579908675799087,0,0.709645177411294,0.568690095846645,0.341614906832298,0,0.461615654791771,0.0741758241758242
"582",0.182420091324201,0.7590428491931,0,0.51038338658147,0,0.61453488372093,0.301806322127446,0.0164835164835165,0.125077862215024
"651",0.0470319634703196,0.511686143572621,0,0.652555910543131,0,0.456976744186047,0.517059708981435,0.244505494505494,0.384452472903949
"880",0.481735159817352,0.40345019476906,0,0.44888178913738,0.248447204968944,0.191860465116279,0.577019568489714,0.0741758241758242
"730",0.522831050228311,0,0,0.560702875399361,0,0.651162790697674,0.569493226292022,0.244505494505494
"987",0.389954337899543,0.29243183082916,0.408795602198901,0.702076677316294,0.279503105590062,0.299418604651163,0.215002508780733,0.0741758241758242
"979",0.121461187214612,0.511686143572621,0.715642178910545,0.575079872204473,0.285714285714286,0.228488372093023,0.262167586552935,0.0741758241758242
"555",0.310958904109589,0.441847523650529,0,0.51038338658147,0,0.696511627906977,0.351981936778725,0.0164835164835165,0.166438270835929
"780",0.440639269406393,0,0,0.504792332268371,0,0.779069767441861,0.439036628198695,0.0741758241758242
"871",0.107305936073059,0.38675570395103,0.544727636181909,0.568690095846645,0.186335403726708,0.26453488372093,0.466633216256899,0.0741758241758242
"666",0.162100456621005,0.322760155815248,0,0.560702875399361,0,0.423837209302325,0.659307576517812,0.0164835164835165,0.112869066899215
"905",0.121004566210046,0.509181969949917,0,0.568690095846645,0.279503105590062,0.22093023255814,0.687405920722529,0.0741758241758242
"73",0.737442922374429,0.295770728992766,0,0.253194888178914,0.512422360248447,0.148546511627907,0.735323632714501,0.00549450549450549,0.387068643328765
"107",0.594977168949772,0.525876460767947,0,0.344249201277955,0.360248447204969,0.417732558139535,0.405920722528851,0.0164835164835165,0.66737261741622
"575",0.0769406392694064,0.566221480244853,0,0.51038338658147,0,0.8,0.414701455092825,0.0164835164835165,0.0645322038121341
"688",0.305936073059361,0.43683917640512,0,0.560702875399361,0,0.498837209302326,0.389111891620672,0.244505494505494,0.566214027656659
"196",0.211643835616438,0,0.502248875562219,0.349840255591054,0.232919254658385,0.597093023255814,0.782488710486703,0.0357142857142857,0.282297246792077
"391",0.794748858447489,0.139120756816917,0,0.624600638977636,0.093167701863354,0.940116279069768,0.0481685900652284,0.0741758241758242,0.461567210664009
"417",0.254566210045662,0,0.870564717641179,0.298722044728434,0.363354037267081,0.705232558139535,0.446312092323131,0.00549450549450549,0.165441634483618
"873",0.363013698630137,0.278241513633834,0.389805097451274,0.63258785942492,0.279503105590062,0.183139534883721,0.418966382338184,0.0741758241758242
"362",0.265296803652968,0.151919866444073,0.618690654672664,0.151757188498403,0.369565217391304,0.798546511627907,0.498494731560462,0.0741758241758242,0.662514015198704
"887",0.105022831050228,0,0.684657671164418,0.289137380191693,0.496894409937888,0.584302325581395,0.592072252885098,0.0741758241758242
"811",0.474885844748858,0,0,0.560702875399361,0,0.491279069767442,0.642247867536377,0.0164835164835165
"560",0.314155251141553,1,0,0.51038338658147,0,0.408720930232558,0.176367285499247,0.0741758241758242,0.462314687928242
"65",0.374429223744292,0.317195325542571,0,0.848242811501597,0,0.380813953488372,0.190667335674862,0.491758241758242,0.577675345708235
"522",0.415525114155251,0.0417362270450751,0.704647676161919,0.456869009584665,0.170807453416149,0.119186046511628,0.519317611640743,0.0164835164835165,0.271583406004734
"415",0.201598173515982,0,0.625687156421789,0.357827476038339,0.307453416149068,0.808139534883721,0.514049172102358,0.00549450549450549,0.127320294007724
"940",0.100228310502283,0.641346688925988,0,0.644568690095847,0.105590062111801,0.0755813953488372,0.696939287506272,0.0741758241758242
"474",0.785388127853881,0.0667779632721202,0.39480259870065,0.321086261980831,0.360248447204969,0.482558139534884,0.296036126442549,0.0741758241758242,0.606577799925252
"1022",0.447945205479452,0,0.534732633683158,0.702076677316294,0.34472049689441,0.228488372093023,0.376818866031109,0.0741758241758242
"54",0.461187214611872,0.211463550361714,0,0.848242811501597,0,0.380813953488372,0.190667335674862,0.244505494505494,0.583779743366139
"245",0.310730593607306,0,0.470264867566217,0.518370607028754,0.217391304347826,0.432848837209302,0.634721525338685,0.00549450549450549,0.219259997508409
"685",0.205479452054795,0.801335559265442,0,0.560702875399361,0,0.374418604651163,0.306322127446061,0.244505494505494,0.602964993148125
"878",0.442922374429224,0,0.534732633683158,0.792332268370607,0.341614906832298,0.0523255813953488,0.461615654791771,0.0741758241758242
"21",0.743150684931507,0.132164718976071,0,0.848242811501597,0,0.380813953488372,0,0.491758241758242,0.492213778497571
"801",0.342465753424658,0,0,0.504792332268371,0,0.901162790697674,0.476668339187155,0.0164835164835165
"726",0.474885844748858,0,0,0.560702875399361,0,0.613372093023256,0.592072252885098,0.326923076923077
"901",0.10958904109589,0.659432387312187,0,0.416932907348243,0.372670807453416,0.779069767441861,0.203211239337682,0.0741758241758242
"858",0.0684931506849315,0.575959933222037,0.804597701149425,0.456869009584665,0.15527950310559,0.191860465116279,0.356246864024084,0.0741758241758242
"999",0.463013698630137,0,0.497751124437781,0.592651757188498,0.304347826086957,0.46046511627907,0.278976417461114,0.0741758241758242
"702",0.424657534246575,0.534223706176962,0,0.560702875399361,0,0.380813953488372,0.31058705469142,0.244505494505494,0.600473402267348
"416",0.337899543378995,0,0.478260869565217,0.559105431309904,0.164596273291925,0.429941860465116,0.660311088810838,0.00549450549450549,0.0767409991279432
"863",0.0867579908675799,0.456316082359488,0.63968015992004,0.920127795527157,0.186335403726708,0.197674418604651,0.155544405418966,0.0741758241758242
"118",0.482420091324201,0.729549248747913,0,0.428913738019169,0.267080745341615,0.714825581395349,0.0446562970396386,0.0741758241758242,0.715958639591379
"22",0.0858447488584475,0.582637729549249,0,0.560702875399361,0,0.715116279069767,0.53411941796287,0.0741758241758242,0.322785598604709
"877",0.100456621004566,0.639955481357819,0,0.640575079872205,0.093167701863354,0.0755813953488372,0.697441043652785,0.0741758241758242
"601",0.541095890410959,0,0,0.600638977635783,0,0.48546511627907,0.469141996989463,0.0357142857142857,0.307836053320045
"104",0.737442922374429,0.295770728992766,0,0.253194888178914,0.512422360248447,0.148546511627907,0.735323632714501,0.0164835164835165,0.583904322910178
"563",0.64041095890411,0,0,0.51038338658147,0,0.717441860465116,0.364525840441545,0.0164835164835165,0.270835928740501
"247",0.310730593607306,0,0.470264867566217,0.518370607028754,0.217391304347826,0.432848837209302,0.634721525338685,0.0741758241758242,0.347576927868444
"46",0.743150684931507,0.132164718976071,0,0.848242811501597,0,0.380813953488372,0,0.0164835164835165,0.407998006727295
"530",0.58675799086758,0.0528658875904285,0.704647676161919,0.257188498402556,0.338509316770186,0.409883720930233,0.519317611640743,0.151098901098901,0.827457331506167
"667",0.205479452054795,0.801335559265442,0,0.560702875399361,0,0.374418604651163,0.306322127446061,0.00549450549450549,0.130310203064657
"696",0.0319634703196347,0.481357818586533,0,0.560702875399361,0,0.316279069767442,0.747365780230808,0.0741758241758242,0.249408247165815
"356",0.4,0.27212020033389,0.122438780609695,0.310702875399361,0.347826086956522,0.757848837209302,0.472905168088309,0.0357142857142857,0.565341970848387
"86",0.633561643835616,0.420701168614357,0,0.256389776357828,0.493788819875776,0.968895348837209,0.0275965880582037,0.00549450549450549,0.327270462190108
"12",0.220547945205479,0.368391764051197,0,0.560702875399361,0,0.515697674418605,0.58078273958856,0.0741758241758242,0.320044848635854
"960",0.481506849315068,0.446577629382304,0,0.445686900958466,0.298136645962733,0.336046511627907,0.415203211239338,0.0741758241758242
"229",0.150684931506849,0.117139677239844,0.818590704647676,0,0.177018633540373,0.749127906976744,0.466884094330156,0.271978021978022,0.459698517503426
"99",0.851598173515982,0.330550918196995,0,0.473642172523962,0.27639751552795,0.148546511627907,0.470396387355745,0.0164835164835165,0.663635231095054
"18",0.547945205479452,0.105731775180857,0,0.848242811501597,0,0.380813953488372,0.190667335674862,1,0.670362526473153
"1029",0.130365296803653,0.519476905954368,0,0.429712460063898,0.350931677018634,0.548255813953488,0.488961364776718,0.0741758241758242
"148",0.654337899543379,0.270172509738453,0,0.288338658146965,0.375776397515528,0.148546511627907,0.83216256899147,0.151098901098901,0.6586520493335
"255",0.252283105022831,0,0.501749125437281,0.299520766773163,0.270186335403727,0.601162790697674,0.776718514801806,0.00549450549450549,0.139653668867572
"533",0.426940639269406,0,0,0.560702875399361,0,0.326162790697675,0.755895634721525,0.244505494505494,0.370499563971596
"284",0.341095890410959,0,0.591204397801099,0.532747603833866,0.198757763975155,0.661046511627907,0.410687405920723,0.271978021978022,0.521739130434783
"512",0.735159817351598,0.0612131329994435,0.659670164917541,0.44888178913738,0.263975155279503,0.061046511627907,0.39136979427998,0.151098901098901,0.789460570574312
"365",0.257762557077626,0.149693934335003,0.609195402298851,0.269968051118211,0.298136645962733,0.620058139534884,0.468138484696438,0.00549450549450549,0.195465304596985
"707",0.116438356164384,0.283806343906511,0,0.560702875399361,0,0.252906976744186,0.875815353738083,0.244505494505494,0.298866326149246
"433",0.143835616438356,0,0.717641179410295,0.335463258785943,0,0.594767441860465,0.769944806823883,0.0741758241758242,0.29737137162078
"464",0.16324200913242,0.139398998330551,0.867066466766617,0.343450479233227,0.201863354037267,0.596511627906977,0.500501756146513,0.271978021978022,0.669365890120842
"872",0.13013698630137,0.52031163049527,0,0.432907348242812,0.341614906832298,0.549418604651163,0.489212242849975,0.0741758241758242
"713",0.205479452054795,0.801335559265442,0,0.560702875399361,0,0.374418604651163,0.306322127446061,0.0164835164835165,0.238569826834434
"304",0.43013698630137,0,0.480759620189905,0.369808306709265,0.291925465838509,0.465697674418605,0.679879578524837,0.271978021978022,0.581038993397284
"639",0.623287671232877,0,0,0.512779552715655,0,0.688953488372093,0.411440040140492,0.0741758241758242,0.446991404011461
"602",0.541095890410959,0,0,0.600638977635783,0,0.48546511627907,0.469141996989463,0.0741758241758242,0.370125825339479
"250",0.337899543378995,0,0.478260869565217,0.523961661341853,0.170807453416149,0.453197674418605,0.670346211741094,0.00549450549450549,0.14314189610066
"884",0.107305936073059,0.656649972175849,0,0.432907348242812,0.403726708074534,0.133720930232558,0.750125439036628,0.0741758241758242
"805",0.664383561643836,0,0,0.560702875399361,0,0.40406976744186,0.411440040140492,0.0741758241758242
"176",0.594977168949772,0.525876460767947,0,0.344249201277955,0.360248447204969,0.417732558139535,0.405920722528851,0.247252747252747,0.958888750467173
"853",0.447488584474886,0,0.534732633683158,0.512779552715655,0.186335403726708,0.226744186046512,0.554440541896638,0.0741758241758242
"347",0.255022831050228,0,0.873063468265867,0.263578274760383,0.316770186335404,0.734011627906977,0.457601605619669,0.0741758241758242,0.471159835555002
"496",0.650684931506849,0.0556483027267668,0.469765117441279,0.281150159744409,0.43167701863354,0.398255813953488,0.629703963873557,0.151098901098901,0.568581038993397
"487",0.650684931506849,0.0556483027267668,0.469765117441279,0.281150159744409,0.43167701863354,0.398255813953488,0.629703963873557,0.0741758241758242,0.552510277812383
"158",0.594977168949772,0.525876460767947,0,0.344249201277955,0.360248447204969,0.417732558139535,0.405920722528851,0.151098901098901,0.9339728416594
"846",0.5,0.456316082359488,0,0.544728434504792,0.15527950310559,0.200581395348837,0.451580531861515,0.0741758241758242
"1006",0.342694063926941,0.270172509738453,0.377811094452774,0.575079872204473,0.257763975155279,0.100290697674419,0.570496738585048,0.0741758241758242
"480",0.785388127853881,0.0667779632721202,0.39480259870065,0.321086261980831,0.360248447204969,0.482558139534884,0.296036126442549,0.0164835164835165,0.444624392674723
"275",0.341095890410959,0,0.591204397801099,0.532747603833866,0.180124223602484,0.661046511627907,0.410687405920723,0.00549450549450549,0.185498941073876
"467",0.201598173515982,0,0.625687156421789,0.357827476038339,0.307453416149068,0.808139534883721,0.514049172102358,0.271978021978022,0.389061916033387
"879",0.0707762557077626,0.584307178631052,0,0.592651757188498,0.093167701863354,0.430232558139535,0.504264927245359,0.0741758241758242
"584",0.248173515981735,0.87952142459655,0,0.51038338658147,0,0.511627906976744,0.239086803813347,0.0741758241758242,0.442008222249907
"659",0.464155251141553,0.566221480244853,0,0.652555910543131,0,0.477906976744186,0.092824887104867,0.0164835164835165,0.293509405755575
"291",0.182648401826484,0.125765164162493,0.609695152423788,0.386581469648562,0.254658385093168,0.751162790697675,0.468389362769694,0.0357142857142857,0.238818985922512
"564",0.248173515981735,0.87952142459655,0,0.51038338658147,0,0.511627906976744,0.239086803813347,0.0164835164835165,0.242805531331755
"420",0.143835616438356,0,0.717641179410295,0.335463258785943,0,0.594767441860465,0.769944806823883,0.0357142857142857,0.181263236576554
"253",0.337899543378995,0,0.478260869565217,0.523961661341853,0.170807453416149,0.453197674418605,0.670346211741094,0.151098901098901,0.448486358539928
"462",0.149315068493151,0.361435726210351,0.642678660669665,0.428913738019169,0.24223602484472,0.596802325581395,0.382839939789262,0.271978021978022,0.639466799551514
"438",0.16324200913242,0.139398998330551,0.867066466766617,0.343450479233227,0.201863354037267,0.596511627906977,0.500501756146513,0.0741758241758242,0.446866824467423
"648",0.125570776255708,0.656649972175849,0,0.560702875399361,0,0.390697674418605,0.469643753135976,0.244505494505494,0.511399028279557
"789",0.563926940639269,0,0,0.560702875399361,0,0.715116279069767,0.531861515303562,0.0164835164835165
"923",0.349315068493151,0.275459098497496,0.384807596201899,0.536741214057508,0.186335403726708,0.343023255813953,0.388861013547416,0.0741758241758242
"493",0.650684931506849,0.0556483027267668,0.469765117441279,0.281150159744409,0.43167701863354,0.398255813953488,0.629703963873557,0.0164835164835165,0.542793073377351
"425",0.16324200913242,0.139398998330551,0.867066466766617,0.343450479233227,0.201863354037267,0.596511627906977,0.500501756146513,0.0357142857142857,0.38221004111125
"257",0.252283105022831,0,0.501749125437281,0.299520766773163,0.270186335403727,0.601162790697674,0.776718514801806,0.0741758241758242,0.365142643577925
"279",0.341095890410959,0,0.591204397801099,0.532747603833866,0.180124223602484,0.661046511627907,0.410687405920723,0.271978021978022,0.513890619160334
"170",0.737442922374429,0.295770728992766,0,0.253194888178914,0.512422360248447,0.148546511627907,0.735323632714501,0.247252747252747,0.783231593372368
"642",0.337899543378995,0,0,0.480830670926518,0,0.869186046511628,0.566984445559458,0.0164835164835165,0.129562725800424
"827",0.863013698630137,0,0,0.560702875399361,0,0.392441860465116,0.318615153035625,0.00549450549450549
"376",0.625570776255708,0,0,0.741214057507987,0,0.588662790697674,0.422478675363773,0.0357142857142857,0.290145758066525
"810",0.342465753424658,0,0,0.504792332268371,0,0.901162790697674,0.476668339187155,0.0741758241758242
"539",0.863013698630137,0,0,0.560702875399361,0,0.393023255813954,0.296537882589062,0.0164835164835165,0.401644449981313
"172",0.98013698630137,0,0,0.159744408945687,0.875776397515528,0.148546511627907,0.751881585549423,0.247252747252747,0.708483866949047
"565",0.129680365296804,0.662771285475793,0,0.51038338658147,0,0.696511627906977,0.351981936778725,0.0741758241758242,0.23346206552884
"201",0.202511415525114,0,0.626686656671664,0.321884984025559,0.24223602484472,0.840116279069767,0.526843953838435,0.0357142857142857,0.233337485984801
"786",0.522831050228311,0,0,0.560702875399361,0,0.51453488372093,0.579528349222278,0.0164835164835165
"316",0.342009132420091,0,0.499250374812594,0.19408945686901,0.385093167701863,0.595930232558139,0.767185148018063,0.0357142857142857,0.38657032515261
"25",0.634703196347032,0,0,0.848242811501597,0,0.380813953488372,0.190667335674862,1,0.625264731531083
"186",0.274885844748858,0,0.483258370814593,0.539137380191693,0.139751552795031,0.482848837209302,0.693176116407426,0.0357142857142857,0.275569951413978
"535",0.664383561643836,0,0,0.560702875399361,0,0.405813953488372,0.480682388359257,0.00549450549450549,0.210165690793572
"952",0.115753424657534,0.402615470228158,0,0.449680511182109,0.248447204968944,0.577616279069768,0.572503763171099,0.0741758241758242
"62",0.374429223744292,0.317195325542571,0,0.848242811501597,0,0.380813953488372,0.190667335674862,0.739010989010989,0.615422947552012
"410",0.149315068493151,0.361435726210351,0.642678660669665,0.428913738019169,0.24223602484472,0.596802325581395,0.382839939789262,0.00549450549450549,0.157094805033014
"653",0,0.425709515859766,0,0.560702875399361,0,0.25,0.873055694932263,0.00549450549450549,0.0279058178647066
"680",0.251141552511416,0.393155258764608,0,0.652555910543131,0,0.501162790697674,0.39136979427998,0.0741758241758242,0.382085461567211
"971",0.484018264840183,0.404284919309961,0.565717141429285,0.456070287539936,0.248447204968944,0.19796511627907,0.241344706472654,0.0741758241758242
"8",0.634703196347032,0.264329437952142,0,0.848242811501597,0,0.380813953488372,0,0.0741758241758242,0.425065404260621
"578",0.0769406392694064,0.566221480244853,0,0.51038338658147,0,0.8,0.414701455092825,0.0741758241758242,0.197707736389685
"310",0.442237442922374,0,0.47776111944028,0.396964856230032,0.27639751552795,0.44796511627907,0.665328650275966,0.00549450549450549,0.256883019808147
"907",0.374429223744292,0.311630495269894,0.434782608695652,0.44888178913738,0.31055900621118,0.316860465116279,0.37882589061716,0.0741758241758242
"760",0.5662100456621,0,0,0.648562300319489,0,0.502906976744186,0.454089312594079,0.0741758241758242
"227",0.150684931506849,0.117139677239844,0.818590704647676,0,0.177018633540373,0.749127906976744,0.466884094330156,0.0741758241758242,0.272953780989162
"794",0.45662100456621,0,0,0.648562300319489,0,0.502906976744186,0.559458103361766,0.0357142857142857
"660",0.0143835616438356,0.451864218141347,0,0.652555910543131,0,0.398837209302326,0.639739086803813,0.244505494505494,0.335118973464557
"244",0.291552511415525,0,0.590704647676162,0.586261980830671,0.18944099378882,0.660174418604651,0.410436527847466,0.271978021978022,0.480004983181762
"122",0.851598173515982,0.330550918196995,0,0.473642172523962,0.27639751552795,0.148546511627907,0.470396387355745,0.0741758241758242,0.821851252024418
"184",0.538584474885845,0.525876460767947,0,0.424121405750799,0.295031055900621,0.417732558139535,0.405920722528851,0.247252747252747,0.815622274822474
"654",0,0.425709515859766,0,0.560702875399361,0,0.25,0.873055694932263,0.244505494505494,0.288152485361904
"24",0.0858447488584475,0.582637729549249,0,0.560702875399361,0,0.715116279069767,0.53411941796287,0.491758241758242,0.521739130434783
"1009",0.132876712328767,0.523094045631608,0.731634182908546,0.650159744408946,0.350931677018634,0.0805232558139536,0.290265930757652,0.0741758241758242
"333",0.330593607305936,0,0.625187406296852,0.171725239616614,0.372670807453416,0.830813953488372,0.519066733567486,0.151098901098901,0.7224367758814
"895",0.0936073059360731,0.47022815804118,0.71464267866067,0.552715654952077,0.248447204968944,0.482558139534884,0.122930255895635,0.0741758241758242
"782",0.442922374429224,0,0,0.560702875399361,0,0.825581395348837,0.429001505268439,0.0164835164835165
"270",0.29634703196347,0,0.607696151924038,0.416932907348243,0.208074534161491,0.742441860465117,0.462870045158053,0.00549450549450549,0.163323782234957
"220",0.14634703196347,0,0.816091954022989,0.436900958466454,0.139751552795031,0.748837209302325,0.466884094330156,0.00549450549450549,0.105020555624766
"703",0.223744292237443,0.370061213132999,0,0.560702875399361,0,0.477906976744186,0.532363271450075,0.0164835164835165,0.184876043353681
"166",0.737442922374429,0.295770728992766,0,0.236421725239617,0.577639751552795,0.392441860465116,0.526091319618665,0.247252747252747,0.801918524978199
"941",0.442922374429224,0,0.533233383308346,0.795527156549521,0.326086956521739,0.0529069767441862,0.462619167084797,0.0741758241758242
"303",0.43013698630137,0,0.480759620189905,0.369808306709265,0.291925465838509,0.465697674418605,0.679879578524837,0.151098901098901,0.532577550766164
"919",0.0981735159817352,0,0.894552723638181,0.640575079872205,0.248447204968944,0.0668604651162791,0.689914701455093,0.0741758241758242
"947",0.108447488584475,0.656649972175849,0,0.431309904153355,0.391304347826087,0.133139534883721,0.749372804816859,0.0741758241758242
"687",0.464155251141553,0.566221480244853,0,0.652555910543131,0,0.477906976744186,0.092824887104867,0.00549450549450549,0.147128441509904
"672",0.305936073059361,0.43683917640512,0,0.560702875399361,0,0.498837209302326,0.389111891620672,0.0164835164835165,0.225364395166314
"289",0.181278538812785,0,0.834582708645677,0.381789137380192,0.236024844720497,0.740116279069767,0.461113898645258,0.271978021978022,0.536190357543291
"319",0.342009132420091,0,0.499250374812594,0.19408945686901,0.385093167701863,0.595930232558139,0.767185148018063,0.271978021978022,0.536190357543291
"187",0.274885844748858,0,0.483258370814593,0.539137380191693,0.139751552795031,0.482848837209302,0.693176116407426,0.0741758241758242,0.281051451351688
"418",0.211643835616438,0,0.502248875562219,0.386581469648562,0.232919254658385,0.572674418604651,0.772202709483191,0.00549450549450549,0.122710850878286
"463",0.160730593607306,0.0378408458542015,0.861569215392304,0.279552715654952,0.127329192546584,0.596802325581395,0.658304064224787,0.271978021978022,0.440388688177401
"299",0.152739726027397,0.117417918753478,0.621189405297351,0.291533546325879,0.335403726708075,0.813372093023256,0.507275464124436,0.271978021978022,0.570823470786097
"143",0.737442922374429,0.295770728992766,0,0.236421725239617,0.577639751552795,0.392441860465116,0.526091319618665,0.151098901098901,0.779494207051202
"783",0.442922374429224,0,0,0.560702875399361,0,0.825581395348837,0.429001505268439,0.0741758241758242
"396",0.223744292237443,0.556483027267668,0,0.544728434504792,0,1,0.165579528349222,0.0741758241758242,0.584527220630373
"714",0.125570776255708,0.656649972175849,0,0.560702875399361,0,0.390697674418605,0.469643753135976,0.00549450549450549,0.0916905444126074
"593",0.64041095890411,0,0,0.51038338658147,0,0.717441860465116,0.364525840441545,0.0741758241758242,0.437398779120468
"990",0.101598173515982,0.318864774624374,0.446276861569215,0.639776357827476,0.273291925465839,0.171511627906977,0.590817862518816,0.0741758241758242
"479",0.785388127853881,0.0667779632721202,0.39480259870065,0.321086261980831,0.360248447204969,0.482558139534884,0.296036126442549,0.0164835164835165,0.6189111747851
"711",0.338356164383562,0.464106844741235,0,0.652555910543131,0,0.513372093023256,0.251128951329654,0.0741758241758242,0.431418961006603
"66",0.547945205479452,0.105731775180857,0,0.848242811501597,0,0.380813953488372,0.190667335674862,0.739010989010989,0.656907935716955
"799",0.908675799086758,0,0,0.624600638977636,0,0.941860465116279,0.0476668339187155,0.739010989010989
"306",0.399771689497717,0,0.486756621689155,0.309904153354633,0.366459627329193,0.502616279069767,0.706472654290015,0.0357142857142857,0.492836676217765
"589",0.192237442922374,0.345297718419588,0,0.51038338658147,0,0.82093023255814,0.427245358755645,0.0164835164835165,0.0706366014700386
"808",0.639269406392694,0,0,0.504792332268371,0,0.715116279069767,0.363773206221776,0.0741758241758242
"405",0.394977168949772,0.500834724540901,0.599700149925038,0.321086261980831,0.322981366459627,0.0843023255813953,0.429001505268439,0.0741758241758242,0.920767409991279
"592",0.343607305936073,0,0,0.51038338658147,0,0.902906976744186,0.477420973406924,0.0741758241758242,0.217266724803787
"587",0.637899543378995,0,0,0.51038338658147,0,0.882558139534883,0.477420973406924,0.0164835164835165,0.152111623271459
"346",0.255022831050228,0,0.873063468265867,0.263578274760383,0.316770186335404,0.734011627906977,0.457601605619669,0.0357142857142857,0.391179768282048
"60",0.526255707762557,0.396494156928214,0,0.848242811501597,0,0.380813953488372,0,0.0741758241758242,0.382334620655289
"190",0.300913242009132,0,0.472763618190905,0.607827476038339,0.142857142857143,0.424418604651163,0.647767185148018,0.00549450549450549,0.100286532951289
"91",0.657305936073059,0.525876460767947,0,0.192492012779553,0.683229813664596,0.417732558139535,0.405920722528851,0.00549450549450549,0.476765915036751
"945",0.116666666666667,0.40345019476906,0.56471764117941,0.452875399361022,0.248447204968944,0.584011627906977,0.237581535373808,0.0741758241758242
"223",0.14634703196347,0,0.816091954022989,0.436900958466454,0.139751552795031,0.748837209302325,0.466884094330156,0.151098901098901,0.327644200822225
"344",0.445662100456621,0,0.587206396801599,0.42332268370607,0.295031055900621,0.644767441860465,0.400150526843954,0.271978021978022,0.677837299115485
"96",0.737442922374429,0.295770728992766,0,0.253194888178914,0.512422360248447,0.148546511627907,0.735323632714501,0.0164835164835165,0.583904322910178
"625",0.468036529680365,0,0,0.568690095846645,0,0.48546511627907,0.546914199698946,0.0741758241758242,0.313940450977949
"44",0.634703196347032,0,0,0.848242811501597,0,0.380813953488372,0.190667335674862,0.491758241758242,0.632490345085337
"134",0.420776255707763,0.558987200890373,0,0.182907348242811,0.347826086956522,0.591860465116279,0.526091319618665,0.0741758241758242,0.814376479382086
"978",0.482420091324201,0.40345019476906,0,0.452875399361022,0.248447204968944,0.584011627906977,0.237581535373808,0.0741758241758242
"804",0.664383561643836,0,0,0.560702875399361,0,0.40406976744186,0.411440040140492,0.00549450549450549
"599",0.541095890410959,0,0,0.600638977635783,0,0.48546511627907,0.469141996989463,0.00549450549450549,0.135667123458328
"359",0.4,0.27212020033389,0.122438780609695,0.310702875399361,0.347826086956522,0.757848837209302,0.472905168088309,0.271978021978022,0.80503301357917
"314",0.442237442922374,0,0.47776111944028,0.396964856230032,0.27639751552795,0.44796511627907,0.665328650275966,0.271978021978022,0.619284913417217
"337",0.395205479452055,0,0.606696651674163,0.30111821086262,0.307453416149068,0.734302325581395,0.460361264425489,0.0741758241758242,0.610439765790457
"784",0.442922374429224,0,0,0.560702875399361,0,0.825581395348837,0.429001505268439,0.244505494505494
"544",0.349315068493151,0,0,0.560702875399361,0,0.258139534883721,0.880582037129955,0.0164835164835165,0.0982932602466675
"374",0.26689497716895,0,0.620189905047476,0.293130990415335,0.350931677018634,0.807267441860465,0.504014049172102,0.271978021978022,0.546904198330634
"835",0.474885844748858,0.397885364496383,0.55472263868066,0.369009584664537,0.683229813664596,0.328488372093023,0.143000501756147,0.0741758241758242
"207",0.251369863013699,0,0.607696151924038,0.467252396166134,0.177018633540373,0.745930232558139,0.464877069744104,0.0741758241758242,0.281176030895727
"704",0.223744292237443,0.370061213132999,0,0.560702875399361,0,0.477906976744186,0.532363271450075,0.0741758241758242,0.35019309829326
"402",0.851598173515982,0,0,0.321086261980831,0.295031055900621,0.706395348837209,0.17059708981435,0.0741758241758242,0.700012457954404
"363",0.265296803652968,0.151919866444073,0.618690654672664,0.151757188498403,0.369565217391304,0.798546511627907,0.498494731560462,0.151098901098901,0.743241559735891
"1030",0.362785388127854,0.279632721202003,0.391304347826087,0.629392971246006,0.267080745341615,0.184593023255814,0.420220772704466,0.0741758241758242
"630",0.280821917808219,0,0,0.472843450479233,0,0.906976744186046,0.59959859508279,0.0164835164835165,0.11012831693036
"554",0.314155251141553,1,0,0.51038338658147,0,0.408720930232558,0.176367285499247,0.0164835164835165,0.287654167185748
"87",0.594977168949772,0.525876460767947,0,0.344249201277955,0.360248447204969,0.417732558139535,0.405920722528851,0.00549450549450549,0.410738756696151
"336",0.395205479452055,0,0.606696651674163,0.30111821086262,0.307453416149068,0.734302325581395,0.460361264425489,0.0357142857142857,0.453967858477638
"235",0.255251141552511,0.272954924874791,0.122438780609695,0.478434504792332,0.208074534161491,0.770348837209302,0.480431510286001,0.00549450549450549,0.135168805282173
"476",0.785388127853881,0.0667779632721202,0.39480259870065,0.321086261980831,0.360248447204969,0.482558139534884,0.296036126442549,0.00549450549450549,0.411486233960384
"966",0.521689497716895,0.471897607122983,0,0.583865814696486,0.251552795031056,0.0290697674418605,0.522579026593076,0.0741758241758242
"616",0.399543378995434,0,0,0.552715654952077,0,0.48546511627907,0.657300551931761,0.491758241758242,0.373738632116606
"606",0.305936073059361,0,0,0.57667731629393,0,0.48546511627907,0.730055193176116,0.00549450549450549,0.0515759312320917
"287",0.181278538812785,0,0.834582708645677,0.381789137380192,0.236024844720497,0.740116279069767,0.461113898645258,0.0741758241758242,0.316930360034882
"484",0.785388127853881,0.0667779632721202,0.39480259870065,0.321086261980831,0.360248447204969,0.482558139534884,0.296036126442549,0.151098901098901,0.659274947053694
"276",0.341095890410959,0,0.591204397801099,0.532747603833866,0.180124223602484,0.661046511627907,0.410687405920723,0.0357142857142857,0.343839541547278
"35",0.200913242009132,0.528658875904285,0,0.848242811501597,0,0.380813953488372,0.190667335674862,1,0.63984053818363
"511",0.735159817351598,0.0612131329994435,0.659670164917541,0.44888178913738,0.263975155279503,0.061046511627907,0.39136979427998,0.0164835164835165,0.456833187990532
"840",0.116438356164384,0.664997217584864,0,0.624600638977636,0.186335403726708,0.584302325581395,0.225790265930758,0.0741758241758242
"744",0.67351598173516,0,0,0.512779552715655,0,0.694767441860465,0.351229302558956,0.0741758241758242
"868",0.146118721461187,0.723427935447969,0,0.488817891373802,0.403726708074534,0.168604651162791,0.584545910687406,0.0741758241758242
"734",0.563926940639269,0,0,0.560702875399361,0,0.741279069767442,0.539387857501254,0.0741758241758242
"571",0.442465753424658,0,0,0.51038338658147,0,0.844186046511628,0.439789262418464,0.0741758241758242,0.285162576304971
"963",0.097716894977169,0,0.667666166916542,0.471246006389776,0.34472049689441,0.518895348837209,0.545659809332664,0.0741758241758242
"683",0.186986301369863,0.341124095715081,0,0.652555910543131,0,0.459883720930233,0.516808830908179,0.0741758241758242,0.270586769652423
"370",0.26689497716895,0,0.620189905047476,0.293130990415335,0.350931677018634,0.807267441860465,0.504014049172102,0.00549450549450549,0.162077986794568
"991",0.113698630136986,0.495548135781859,0.693153423288356,0.365015974440895,0.56832298136646,0.415697674418605,0.252383341695936,0.0741758241758242
"541",0.863013698630137,0,0,0.560702875399361,0,0.393023255813954,0.296537882589062,0.00549450549450549,0.274947053693783
"355",0.4,0.27212020033389,0.122438780609695,0.310702875399361,0.347826086956522,0.757848837209302,0.472905168088309,0.00549450549450549,0.350317677837299
"781",0.310502283105023,0,0,0.504792332268371,0,0.921511627906977,0.489212242849975,0.0741758241758242
"34",0.851598173515982,0,0,0.848242811501597,0,0.380813953488372,0,0.739010989010989,0.495826585274698
"489",0.650684931506849,0.0556483027267668,0.469765117441279,0.281150159744409,0.444099378881988,0.398255813953488,0.629703963873557,0.00549450549450549,0.25439142892737
"302",0.43013698630137,0,0.480759620189905,0.369808306709265,0.291925465838509,0.465697674418605,0.679879578524837,0.0741758241758242,0.403762302229974
"849",0.342465753424658,0.269894268224819,0.379810094952524,0.57667731629393,0.248447204968944,0.0988372093023256,0.569493226292022,0.0741758241758242
"436",0.149315068493151,0.361435726210351,0.642678660669665,0.428913738019169,0.24223602484472,0.596802325581395,0.382839939789262,0.0741758241758242,0.484240687679083
"267",0.251141552511416,0,0.623688155922039,0.297124600638978,0.24223602484472,0.826744186046512,0.515554440541897,0.0741758241758242,0.450604210788589
"540",0.863013698630137,0,0,0.560702875399361,0,0.393023255813954,0.296537882589062,0.244505494505494,0.647689049458079
"904",0.121004566210046,0,0.71464267866067,0.568690095846645,0.279503105590062,0.715116279069767,0.258404415454089,0.0741758241758242
"708",0.223744292237443,0.370061213132999,0,0.560702875399361,0,0.477906976744186,0.532363271450075,0.244505494505494,0.509779494207051
"817",0.965753424657534,0,0,0.536741214057508,0,0.941860465116279,0.0476668339187155,0.0164835164835165
"874",0.308219178082192,0.255982192543127,0.354822588705647,1,0.186335403726708,0.151162790697674,0.253386853988961,0.0741758241758242
"246",0.310730593607306,0,0.470264867566217,0.518370607028754,0.217391304347826,0.432848837209302,0.634721525338685,0.0357142857142857,0.291017814874798
"968",0.120547945205479,0.510294936004452,0,0.571086261980831,0.282608695652174,0.221511627906977,0.68665328650276,0.0741758241758242
"101",0.737442922374429,0.295770728992766,0,0.253194888178914,0.512422360248447,0.148546511627907,0.735323632714501,0.0164835164835165,0.583904322910178
"13",0.743150684931507,0.132164718976071,0,0.848242811501597,0,0.380813953488372,0,0.739010989010989,0.506789585150118
"345",0.255022831050228,0,0.873063468265867,0.263578274760383,0.316770186335404,0.734011627906977,0.457601605619669,0.00549450549450549,0.189859225115236
"353",0.254566210045662,0,0.870564717641179,0.261980830670926,0.363354037267081,0.730523255813953,0.455343702960361,0.151098901098901,0.611685561230846
"766",0.646118721461187,0,0,0.512779552715655,0,0.479651162790698,0.423983943803312,0.0164835164835165
"778",0.541095890410959,0,0,0.504792332268371,0,0.779069767441861,0.401404917210236,0.0741758241758242
"162",0.538584474885845,0.525876460767947,0,0.424121405750799,0.295031055900621,0.417732558139535,0.405920722528851,0.151098901098901,0.717079855487729
"323",0.335844748858447,0,0.493753123438281,0.289936102236422,0.397515527950311,0.543023255813953,0.740090316106372,0.151098901098901,0.494580789834309
"886",0.116438356164384,0.40345019476906,0.56471764117941,0.44888178913738,0.248447204968944,0.191860465116279,0.577019568489714,0.0741758241758242
"738",0.310502283105023,0,0,0.512779552715655,0,0.924418604651163,0.489212242849975,0.0741758241758242
"934",0.148401826484018,0.52031163049527,0.974512743628186,0.504792332268371,0.217391304347826,0.281976744186047,0.105368790767687,0.0741758241758242
"888",0.511415525114155,0,0.689655172413793,0.616613418530351,0.341614906832298,0,0.496738585047667,0.0741758241758242
"604",0.541095890410959,0,0,0.600638977635783,0,0.48546511627907,0.469141996989463,0.491758241758242,0.425065404260621
"822",0.502283105022831,0,0,0.648562300319489,0,0.502906976744186,0.516808830908179,0.0357142857142857
"28",0.547945205479452,0.105731775180857,0,0.848242811501597,0,0.380813953488372,0.190667335674862,0.491758241758242,0.620281549769528
"976",0.399543378995434,0.324986087924318,0.454772613693153,0.549520766773163,0.217391304347826,0.42296511627907,0.179628700451581,0.0741758241758242
"334",0.330593607305936,0,0.625187406296852,0.171725239616614,0.372670807453416,0.830813953488372,0.519066733567486,0.271978021978022,0.79843029774511
"84",0.594977168949772,0.525876460767947,0,0.344249201277955,0.360248447204969,0.417732558139535,0.405920722528851,0.00549450549450549,0.410738756696151
"369",0.257762557077626,0.149693934335003,0.609195402298851,0.269968051118211,0.298136645962733,0.620058139534884,0.468138484696438,0.271978021978022,0.676466924131058
"15",0.461187214611872,0.211463550361714,0,0.848242811501597,0,0.380813953488372,0.190667335674862,0.0741758241758242,0.566587766288775
"859",0.502283105022831,0.414579855314413,0,0.512779552715655,0.248447204968944,0.436046511627907,0.288509784244857,0.0741758241758242
"191",0.300913242009132,0,0.472763618190905,0.607827476038339,0.142857142857143,0.424418604651163,0.647767185148018,0.0357142857142857,0.246792076740999
"329",0.343150684931507,0,0.493753123438281,0.195686900958467,0.440993788819876,0.543023255813953,0.740090316106372,0.271978021978022,0.730285287155849
"851",0.123287671232877,0.676126878130217,0,0.464856230031949,0.341614906832298,0.642441860465116,0.260913196186653,0.0741758241758242
"986",0.35,0.274902615470228,0.384807596201899,0.533546325878594,0.201863354037267,0.343023255813953,0.389613647767185,0.0741758241758242
"317",0.342009132420091,0,0.499250374812594,0.19408945686901,0.385093167701863,0.595930232558139,0.767185148018063,0.0741758241758242,0.393795938706864
"764",0.646118721461187,0,0,0.512779552715655,0,0.479651162790698,0.423983943803312,0
"494",0.650684931506849,0.0556483027267668,0.469765117441279,0.281150159744409,0.360248447204969,0.398255813953488,0.629703963873557,0.0164835164835165,0.49009592624891
"615",0.399543378995434,0,0,0.552715654952077,0,0.48546511627907,0.657300551931761,0.244505494505494,0.360284041360409
"937",0.307990867579909,0.255147468002226,0.357321339330335,0.999201277955272,0.186335403726708,0.150872093023256,0.254390366281987,0.0741758241758242
"570",0.637899543378995,0,0,0.51038338658147,0,0.882558139534883,0.477420973406924,0.0741758241758242,0.25115236078236
"843",0.111872146118721,0,0.919540229885057,0.361022364217252,0.372670807453416,0.552325581395349,0.446562970396387,0.0741758241758242
"929",0.107305936073059,0.425709515859766,0.969515242378811,0.560702875399361,0.248447204968944,0.38953488372093,0.0727546412443552,0.0741758241758242
"315",0.342009132420091,0,0.499250374812594,0.19408945686901,0.385093167701863,0.595930232558139,0.767185148018063,0.00549450549450549,0.232839167808646
"265",0.251141552511416,0,0.623688155922039,0.297124600638978,0.24223602484472,0.826744186046512,0.515554440541897,0.00549450549450549,0.214152236202815
"936",0.123287671232877,0.495269894268225,0.934532733633183,0.792332268370607,0.217391304347826,0.15406976744186,0.0501756146512795,0.0741758241758242
"893",0.39041095890411,0,0.449775112443778,0.616613418530351,0.341614906832298,0.377906976744186,0.421475163070748,0.0741758241758242
"152",0.684474885844749,0.263494713411241,0,0.204472843450479,0.354037267080745,0.423837209302325,0.647516307074762,0.151098901098901,0.889124205805407
"517",0.228310502283105,0.0306065664997218,0.704647676161919,0.672523961661342,0.0527950310559006,0.409883720930233,0.519317611640743,0.00549450549450549,0.0936838171172294
"754",1,0,0,0.408945686900959,0,0.941860465116279,0.0476668339187155,0.0741758241758242
"585",0.287671232876712,0.951864218141347,0,0.51038338658147,0,0.45,0.201455092824887,0.0164835164835165,0.244051326772144
"81",0.737442922374429,0.295770728992766,0,0.253194888178914,0.512422360248447,0.148546511627907,0.735323632714501,0.00549450549450549,0.387068643328765
"320",0.335844748858447,0,0.493753123438281,0.289936102236422,0.397515527950311,0.543023255813953,0.740090316106372,0.00549450549450549,0.162327145882646
"854",0.493150684931507,0,0.629685157421289,0.704472843450479,0.186335403726708,0.174418604651163,0.358755644756648,0.0741758241758242
"665",0.338356164383562,0.464106844741235,0,0.652555910543131,0,0.513372093023256,0.251128951329654,0.0164835164835165,0.212034383954155
"969",0.0746575342465753,0,0.828085957021489,0.466453674121406,0.31055900621118,0.465116279069767,0.529101856497742,0.0741758241758242
"373",0.26689497716895,0,0.620189905047476,0.293130990415335,0.350931677018634,0.807267441860465,0.504014049172102,0.151098901098901,0.435280926871808
"862",0.5,0,0.63968015992004,0.480830670926518,0.341614906832298,0.200581395348837,0.466633216256899,0.0741758241758242
"259",0.252283105022831,0,0.501749125437281,0.299520766773163,0.270186335403727,0.601162790697674,0.776718514801806,0.271978021978022,0.505668369253769
"354",0.254566210045662,0,0.870564717641179,0.261980830670926,0.363354037267081,0.730523255813953,0.455343702960361,0.271978021978022,0.709729662389436
"900",0.0981735159817352,0,0.669665167416292,0.472843450479233,0.341614906832298,0.517441860465116,0.546914199698946,0.0741758241758242
"774",0.639269406392694,0,0,0.512779552715655,0,0.715116279069767,0.363773206221776,0.0741758241758242
"129",0.684474885844749,0.263494713411241,0,0.204472843450479,0.354037267080745,0.423837209302325,0.647516307074762,0.0741758241758242,0.824342842905195
"612",0.399543378995434,0,0,0.552715654952077,0,0.48546511627907,0.657300551931761,0.0357142857142857,0.235829076865579
"218",0.201598173515982,0,0.625687156421789,0.320287539936102,0.307453416149068,0.834593023255814,0.523331660812845,0.151098901098901,0.451351688052822
"823",0.502283105022831,0,0,0.648562300319489,0,0.502906976744186,0.516808830908179,0.0741758241758242
"1023",0.371004566210046,0.308848080133556,0.432283858070965,0.588658146964856,0.183229813664596,0.0918604651162791,0.492724535875564,0.0741758241758242
"380",0.908675799086758,0,0,0.145367412140575,0.124223602484472,0.479651162790698,0.649774209734069,0.0741758241758242,0.81275694530958
"502",0.888127853881279,0.0723427935447969,0.614692653673163,0.704472843450479,0.12111801242236,0.23546511627907,0.263421976919217,0.00549450549450549,0.290021178522487
"850",0.143835616438356,0,0.749625187406297,0.480830670926518,0.372670807453416,0.645348837209302,0.338685398896136,0.0741758241758242
"944",0.11324200913242,0,0.559220389805097,0.5,0.245341614906832,0.555232558139535,0.556698444555946,0.0741758241758242
"861",0.484018264840183,0,0.56471764117941,0.384984025559105,0.31055900621118,0.36046511627907,0.474159558454591,0.0741758241758242
"646",0.231735159817352,0.849471341124096,0,0.652555910543131,0,0.472093023255814,0.0903161063723031,0.0164835164835165,0.214401395290893
"836",0.0958904109589041,0,0.87456271864068,0.289137380191693,0.559006211180124,0.412790697674419,0.627195183140993,0.0741758241758242
"6",0.374429223744292,0.317195325542571,0,0.848242811501597,0,0.380813953488372,0.190667335674862,0.244505494505494,0.556870561853744
"290",0.182648401826484,0.125765164162493,0.609695152423788,0.386581469648562,0.254658385093168,0.751162790697675,0.468389362769694,0.00549450549450549,0.0621651924753955
"197",0.211643835616438,0,0.502248875562219,0.349840255591054,0.232919254658385,0.597093023255814,0.782488710486703,0.0741758241758242,0.291391553506914
"788",0.522831050228311,0,0,0.560702875399361,0,0.51453488372093,0.579528349222278,0.244505494505494
"224",0.14634703196347,0,0.816091954022989,0.436900958466454,0.139751552795031,0.748837209302325,0.466884094330156,0.271978021978022,0.38881275694531
"193",0.300913242009132,0,0.472763618190905,0.607827476038339,0.142857142857143,0.424418604651163,0.647767185148018,0.151098901098901,0.315559985050455
"48",0.634703196347032,0.264329437952142,0,0.848242811501597,0,0.380813953488372,0,0.491758241758242,0.478759187741373
"845",0.447488584474886,0.381190873678353,0.534732633683158,0.63258785942492,0.186335403726708,0.223837209302326,0.153035624686402,0.0741758241758242
"958",0.0936073059360731,0.471341124095715,0.713143428285857,0.550319488817891,0.260869565217391,0.483720930232558,0.124184646261917,0.0741758241758242
"83",0.684474885844749,0.263494713411241,0,0.204472843450479,0.354037267080745,0.423837209302325,0.647516307074762,0.00549450549450549,0.482994892238694
"881",0.114155251141553,0,0.559720139930035,0.496805111821086,0.248447204968944,0.555232558139535,0.556949322629202,0.0741758241758242
"498",0.577625570776256,0.0528658875904285,0.484757621189405,0.185303514376997,0.406832298136646,0.482558139534884,0.694932262920221,0.0741758241758242,0.519496698642083
"775",0.639269406392694,0,0,0.512779552715655,0,0.901162790697674,0.476668339187155,0.0164835164835165
"30",0.851598173515982,0,0,0.848242811501597,0,0.380813953488372,0,0.0164835164835165,0.451850006228977
"776",0.408675799086758,0,0,0.512779552715655,0,0.880813953488372,0.451580531861515,0.0741758241758242
"486",0.650684931506849,0.0556483027267668,0.469765117441279,0.281150159744409,0.444099378881988,0.398255813953488,0.629703963873557,0.0741758241758242,0.596860595490221
"892",0.111872146118721,0,0.924537731134433,0.361022364217252,0.496894409937888,0.793604651162791,0.210737581535374,0.0741758241758242
"135",0.594977168949772,0.525876460767947,0,0.344249201277955,0.360248447204969,0.417732558139535,0.405920722528851,0.0741758241758242,0.859225115236078
"150",0.737442922374429,0.295770728992766,0,0.253194888178914,0.512422360248447,0.148546511627907,0.735323632714501,0.151098901098901,0.77201943440887
"361",0.265296803652968,0.151919866444073,0.618690654672664,0.151757188498403,0.369565217391304,0.798546511627907,0.498494731560462,0.0357142857142857,0.418961006602716
"757",1,0,0,0.408945686900959,0,0.941860465116279,0.0476668339187155,0.739010989010989
"741",0.445205479452055,0,0,0.512779552715655,0,0.694767441860465,0.351229302558956,0.0164835164835165
"97",0.737442922374429,0.295770728992766,0,0.236421725239617,0.577639751552795,0.392441860465116,0.526091319618665,0.0164835164835165,0.55400523234085
"1014",0.579680365296804,0,0.707646176911544,0.571086261980831,0.341614906832298,0.00116279069767435,0.462619167084797,0.0741758241758242
"149",0.98013698630137,0,0,0.159744408945687,0.875776397515528,0.148546511627907,0.751881585549423,0.151098901098901,0.703500685187492
"824",0.502283105022831,0,0,0.648562300319489,0,0.502906976744186,0.516808830908179,0.491758241758242
"982",0.0990867579908676,0,0.894052973513243,0.638178913738019,0.24223602484472,0.0668604651162791,0.689162067235324,0.0741758241758242
"679",0.424657534246575,0.534223706176962,0,0.560702875399361,0,0.380813953488372,0.31058705469142,0.0741758241758242,0.454341597109755
"311",0.442237442922374,0,0.47776111944028,0.396964856230032,0.27639751552795,0.44796511627907,0.665328650275966,0.0357142857142857,0.409866699887878
"17",0.0858447488584475,0.582637729549249,0,0.560702875399361,0,0.715116279069767,0.53411941796287,0.244505494505494,0.461318051575931
"89",0.594977168949772,0.525876460767947,0,0.344249201277955,0.360248447204969,0.417732558139535,0.405920722528851,0.00549450549450549,0.410738756696151
"1011",0.492922374429224,0,0.632183908045977,0.702076677316294,0.177018633540373,0.17296511627907,0.357752132463623,0.0741758241758242
"478",0.785388127853881,0.0667779632721202,0.39480259870065,0.321086261980831,0.360248447204969,0.482558139534884,0.296036126442549,0.00549450549450549,0.261866201569702
"885",0.452054794520548,0,0.599700149925038,0.720447284345048,0.31055900621118,0.223837209302326,0.336176618163572,0.0741758241758242
"644",0.5662100456621,0,0,0.512779552715655,0,0.723837209302326,0.441545408931259,0.0164835164835165,0.22362028154977
"36",0.309360730593607,0.660823594880356,0,0.848242811501597,0,0.380813953488372,0,0.739010989010989,0.449482994892239
"883",0.0867579908675799,0.370061213132999,0.514742628685657,0.624600638977636,0.217391304347826,0.334302325581395,0.398896136477672,0.0741758241758242
"948",0.451598173515982,0,0.598700649675162,0.716453674121406,0.307453416149068,0.224418604651163,0.335173105870547,0.0741758241758242
"831",0.136986301369863,0.528658875904285,0.739630184907546,0.456869009584665,0.590062111801242,0.107558139534884,0.368790767686904,0.0741758241758242
"214",0.292237442922374,0,0.591204397801099,0.588658146964856,0.142857142857143,0.663953488372093,0.41294530858003,0.271978021978022,0.411237074872306
"177",0.633561643835616,0.420701168614357,0,0.256389776357828,0.493788819875776,0.968895348837209,0.0275965880582037,0.247252747252747,0.674847390058552
"392",0.67351598173516,0.0478575403450195,0.789605197401299,0.361022364217252,0.645962732919255,0.482558139534884,0.097842448569995,0.0741758241758242,0.664258128815249
"123",0.837899543378995,0.326099053978854,0,0.12779552715655,1,0.148546511627907,0.618414450577019,0.0741758241758242,0.804410115858976
"472",0.785388127853881,0.0667779632721202,0.39480259870065,0.321086261980831,0.360248447204969,0.482558139534884,0.296036126442549,0.0741758241758242,0.681450105892612
"368",0.257762557077626,0.149693934335003,0.609195402298851,0.269968051118211,0.298136645962733,0.620058139534884,0.468138484696438,0.151098901098901,0.64320418587268
"682",0.162100456621005,0.322760155815248,0,0.560702875399361,0,0.423837209302325,0.659307576517812,0.0741758241758242,0.273452099165317
"962",0.535388127853881,0,0,0.480031948881789,0.105590062111801,0.537209302325581,0.558956347215253,0.0741758241758242
"950",0.105251141552511,0,0.682658670664668,0.289936102236422,0.5,0.583720930232558,0.592323130958354,0.0741758241758242
"510",0.735159817351598,0.0612131329994435,0.659670164917541,0.369009584664537,0.27639751552795,0.061046511627907,0.39136979427998,0.0741758241758242,0.869191478759188
"360",0.265296803652968,0.151919866444073,0.618690654672664,0.151757188498403,0.369565217391304,0.798546511627907,0.498494731560462,0.00549450549450549,0.312570075993522
"298",0.152739726027397,0.117417918753478,0.621189405297351,0.291533546325879,0.335403726708075,0.813372093023256,0.507275464124436,0.151098901098901,0.458701881151115
"174",0.494977168949772,0.591263216471898,0,0.270766773162939,0.444099378881988,0.148546511627907,0.718514801806322,0.247252747252747,0.81935966114364
"263",0.252511415525114,0,0.501749125437281,0.300319488817891,0.322981366459627,0.58953488372093,0.777220270948319,0.151098901098901,0.524106141771521
"483",0.785388127853881,0.0667779632721202,0.39480259870065,0.321086261980831,0.360248447204969,0.482558139534884,0.296036126442549,0.151098901098901,0.670362526473153
"460",0.143835616438356,0.357540345019477,0.660169915042479,0.425718849840256,0.251552795031056,0.595348837209302,0.382839939789262,0.271978021978022,0.6564096175408
"217",0.201598173515982,0,0.625687156421789,0.320287539936102,0.307453416149068,0.834593023255814,0.523331660812845,0.0741758241758242,0.325650928117603
"251",0.337899543378995,0,0.478260869565217,0.523961661341853,0.170807453416149,0.453197674418605,0.670346211741094,0.0357142857142857,0.281425189983805
"837",0.461187214611872,0.389538119087368,0,0.736421725239617,0.186335403726708,0.273255813953488,0.321123933768189,0.0741758241758242
"444",0.211643835616438,0,0.502248875562219,0.386581469648562,0.232919254658385,0.572674418604651,0.772202709483191,0.0741758241758242,0.435280926871808
"762",0.5662100456621,0,0,0.648562300319489,0,0.502906976744186,0.454089312594079,0.244505494505494
"375",0.625570776255708,0,0,0.741214057507987,0,0.588662790697674,0.422478675363773,0.00549450549450549,0.173788463934222